[
  {
    "id": "attr_001",
    "name": "Sundarbans Mangrove Forest",
    "description": "The world's largest mangrove forest and UNESCO World Heritage Site, home to the Royal Bengal Tiger and diverse wildlife. A natural wonder spanning both Bangladesh and India with unique ecosystems.",
    "images": [
      "https://images.unsplash.com/photo-1578662996442-48f60103fc96?ixlib=rb-4.0.3&auto=format&fit=crop&w=1000&q=80",
      "https://images.unsplash.com/photo-1559827260-dc66d52bef19?ixlib=rb-4.0.3&auto=format&fit=crop&w=1000&q=80"
    ],
    "location": {
      "address": "Sundarbans National Park",
      "city": "Khulna",
      "country": "Bangladesh",
      "latitude": 21.9497,
      "longitude": 89.1833
    },
    "division": "Khulna",
    "district": "Khulna",
    "rating": 4.8,
    "reviewCount": 2150,
    "entryFee": 500.0,
    "currency": "৳",
    "category": "Natural",
    "subcategory": "National Park",
    "highlights": ["Royal Bengal Tigers", "Mangrove Ecosystem", "River Cruises", "Wildlife Photography"],
    "historicalPeriod": "Ancient",
    "openingHours": "6:00 AM",
    "closingHours": "6:00 PM",
    "isOpen": true,
    "estimatedDuration": 480,
    "bestTimeToVisit": "November to February (Winter)",
    "nearbyAttractions": ["Sixty Dome Mosque", "Khulna City"],
    "facilities": ["Boat Services", "Guide Services", "Rest Houses", "Watchtowers"],
    "activities": ["Wildlife Safari", "Bird Watching", "Photography", "Boat Tours"],
    "isAccessible": false,
    "hasGuide": true,
    "hasParking": true,
    "hasRestaurant": true,
    "hasGiftShop": true,
    "significance": "UNESCO World Heritage Site",
    "contactPhone": "+880-41-761677",
    "website": "www.sundarbansnationalpark.gov.bd"
  },
  {
    "id": "attr_002",
    "name": "Cox's Bazar Beach",
    "description": "The world's longest natural sea beach stretching 120 kilometers along the Bay of Bengal. Famous for its golden sand, surfing opportunities, and stunning sunsets.",
    "images": [
      "https://images.unsplash.com/photo-1506905925346-21bda4d32df4?ixlib=rb-4.0.3&auto=format&fit=crop&w=1000&q=80",
      "https://images.unsplash.com/photo-1559827260-dc66d52bef19?ixlib=rb-4.0.3&auto=format&fit=crop&w=1000&q=80"
    ],
    "location": {
      "address": "Cox's Bazar Beach Road",
      "city": "Cox's Bazar",
      "country": "Bangladesh",
      "latitude": 21.4272,
      "longitude": 92.0058
    },
    "division": "Chittagong",
    "district": "Cox's Bazar",
    "rating": 4.6,
    "reviewCount": 5480,
    "entryFee": null,
    "currency": "৳",
    "category": "Natural",
    "subcategory": "Beach",
    "highlights": ["World's Longest Beach", "Golden Sand", "Surfing", "Sunset Views"],
    "historicalPeriod": "Modern",
    "openingHours": "24 Hours",
    "closingHours": "24 Hours",
    "isOpen": true,
    "estimatedDuration": 360,
    "bestTimeToVisit": "October to March (Winter)",
    "nearbyAttractions": ["Himchari National Park", "Inani Beach", "Saint Martin's Island"],
    "facilities": ["Hotels", "Restaurants", "Beach Resorts", "Water Sports"],
    "activities": ["Swimming", "Surfing", "Beach Walking", "Photography", "Sunset Viewing"],
    "isAccessible": true,
    "hasGuide": false,
    "hasParking": true,
    "hasRestaurant": true,
    "hasGiftShop": true,
    "significance": "World's Longest Natural Beach",
    "contactPhone": "+880-341-63036",
    "website": null
  },
  {
    "id": "attr_003",
    "name": "Shat Gombuj Mosque (Sixty Dome Mosque)",
    "description": "Historic 15th-century mosque and UNESCO World Heritage Site featuring 60 domes and 77 pillars. A masterpiece of Sultanate architecture and Islamic art in Bengal.",
    "images": [
      "https://images.unsplash.com/photo-1564769625392-651b315baa56?ixlib=rb-4.0.3&auto=format&fit=crop&w=1000&q=80",
      "https://images.unsplash.com/photo-1588668214407-6ea9a6d8c272?ixlib=rb-4.0.3&auto=format&fit=crop&w=1000&q=80"
    ],
    "location": {
      "address": "Bagerhat Sadar",
      "city": "Bagerhat",
      "country": "Bangladesh",
      "latitude": 22.6568,
      "longitude": 89.7895
    },
    "division": "Khulna",
    "district": "Bagerhat",
    "rating": 4.7,
    "reviewCount": 1890,
    "entryFee": 20.0,
    "currency": "৳",
    "category": "Historical",
    "subcategory": "Mosque",
    "highlights": ["60 Domes", "Sultanate Architecture", "Islamic Art", "Ancient Calligraphy"],
    "historicalPeriod": "Medieval",
    "openingHours": "9:00 AM",
    "closingHours": "5:00 PM",
    "isOpen": true,
    "estimatedDuration": 90,
    "bestTimeToVisit": "November to February (Winter)",
    "nearbyAttractions": ["Khan Jahan Ali Mausoleum", "Sundarbans"],
    "facilities": ["Museum", "Prayer Area", "Guide Services", "Parking"],
    "activities": ["Historical Tour", "Photography", "Prayer", "Architecture Study"],
    "isAccessible": true,
    "hasGuide": true,
    "hasParking": true,
    "hasRestaurant": false,
    "hasGiftShop": true,
    "significance": "UNESCO World Heritage Site",
    "contactPhone": "+880-468-56217",
    "website": null
  },
  {
    "id": "attr_004",
    "name": "Paharpur Buddhist Monastery",
    "description": "Ancient Buddhist monastery and UNESCO World Heritage Site dating back to 8th century. Known as Somapura Mahavihara, it's one of the largest Buddhist monasteries south of the Himalayas.",
    "images": [
      "https://images.unsplash.com/photo-1571919743851-c8d73b5ca8c4?ixlib=rb-4.0.3&auto=format&fit=crop&w=1000&q=80",
      "https://images.unsplash.com/photo-1564769625392-651b315baa56?ixlib=rb-4.0.3&auto=format&fit=crop&w=1000&q=80"
    ],
    "location": {
      "address": "Paharpur Village",
      "city": "Naogaon",
      "country": "Bangladesh",
      "latitude": 25.0281,
      "longitude": 88.9789
    },
    "division": "Rajshahi",
    "district": "Naogaon",
    "rating": 4.5,
    "reviewCount": 1230,
    "entryFee": 30.0,
    "currency": "৳",
    "category": "Archaeological",
    "subcategory": "Buddhist Monastery",
    "highlights": ["Ancient Buddhist Art", "Archaeological Ruins", "Terracotta Plaques", "Meditation Halls"],
    "historicalPeriod": "Ancient",
    "openingHours": "9:00 AM",
    "closingHours": "5:00 PM",
    "isOpen": true,
    "estimatedDuration": 120,
    "bestTimeToVisit": "November to February (Winter)",
    "nearbyAttractions": ["Mahasthangarh", "Kantajew Temple"],
    "facilities": ["Museum", "Archaeological Site", "Guide Services", "Rest Area"],
    "activities": ["Archaeological Tour", "Photography", "Historical Study", "Meditation"],
    "isAccessible": true,
    "hasGuide": true,
    "hasParking": true,
    "hasRestaurant": false,
    "hasGiftShop": true,
    "significance": "UNESCO World Heritage Site",
    "contactPhone": "+880-741-56892",
    "website": null
  },
  {
    "id": "attr_005",
    "name": "Lalbagh Fort",
    "description": "17th-century Mughal fort complex in Old Dhaka, featuring the tomb of Pari Bibi, Diwan-i-Aam, and beautiful gardens. An incomplete fort with rich Mughal architecture and history.",
    "images": [
      "https://images.unsplash.com/photo-1584464491033-06628f3a6b7b?ixlib=rb-4.0.3&auto=format&fit=crop&w=1000&q=80",
      "https://images.unsplash.com/photo-1571919743851-c8d73b5ca8c4?ixlib=rb-4.0.3&auto=format&fit=crop&w=1000&q=80"
    ],
    "location": {
      "address": "Lalbagh Road, Old Dhaka",
      "city": "Dhaka",
      "country": "Bangladesh",
      "latitude": 23.7182,
      "longitude": 90.3847
    },
    "division": "Dhaka",
    "district": "Dhaka",
    "rating": 4.3,
    "reviewCount": 3250,
    "entryFee": 10.0,
    "currency": "৳",
    "category": "Historical",
    "subcategory": "Fort",
    "highlights": ["Mughal Architecture", "Pari Bibi Tomb", "Diwan-i-Aam", "Historic Gardens"],
    "historicalPeriod": "Medieval",
    "openingHours": "9:00 AM",
    "closingHours": "5:00 PM",
    "isOpen": true,
    "estimatedDuration": 120,
    "bestTimeToVisit": "November to February (Winter)",
    "nearbyAttractions": ["Ahsan Manzil", "Star Mosque", "Armenian Church"],
    "facilities": ["Museum", "Gardens", "Guide Services", "Parking"],
    "activities": ["Historical Tour", "Photography", "Garden Walk", "Architecture Study"],
    "isAccessible": true,
    "hasGuide": true,
    "hasParking": true,
    "hasRestaurant": false,
    "hasGiftShop": true,
    "significance": "National Heritage",
    "contactPhone": "+880-2-7316507",
    "website": null
  },
  {
    "id": "attr_006",
    "name": "Ratargul Swamp Forest",
    "description": "The only freshwater swamp forest in Bangladesh, known as the 'Amazon of Bangladesh'. A unique ecosystem with tall trees standing in knee-deep water during monsoon.",
    "images": [
      "https://images.unsplash.com/photo-1441974231531-c6227db76b6e?ixlib=rb-4.0.3&auto=format&fit=crop&w=1000&q=80",
      "https://images.unsplash.com/photo-1578662996442-48f60103fc96?ixlib=rb-4.0.3&auto=format&fit=crop&w=1000&q=80"
    ],
    "location": {
      "address": "Gowainghat Upazila",
      "city": "Sylhet",
      "country": "Bangladesh",
      "latitude": 25.1858,
      "longitude": 92.0995
    },
    "division": "Sylhet",
    "district": "Sylhet",
    "rating": 4.4,
    "reviewCount": 1780,
    "entryFee": 50.0,
    "currency": "৳",
    "category": "Natural",
    "subcategory": "Swamp Forest",
    "highlights": ["Freshwater Swamp", "Unique Ecosystem", "Boat Tours", "Wildlife"],
    "historicalPeriod": "Ancient",
    "openingHours": "8:00 AM",
    "closingHours": "5:00 PM",
    "isOpen": true,
    "estimatedDuration": 180,
    "bestTimeToVisit": "June to October (Monsoon)",
    "nearbyAttractions": ["Jaflong", "Lalakhal", "Bichnakandi"],
    "facilities": ["Boat Services", "Guide Services", "Rest Shelter", "Life Jackets"],
    "activities": ["Boat Tour", "Wildlife Watching", "Photography", "Nature Walk"],
    "isAccessible": false,
    "hasGuide": true,
    "hasParking": true,
    "hasRestaurant": false,
    "hasGiftShop": false,
    "significance": "Unique Ecosystem",
    "contactPhone": "+880-821-714563",
    "website": null
  },
  {
    "id": "attr_007",
    "name": "Ahsan Manzil (Pink Palace)",
    "description": "19th-century palace and former residence of the Nawab of Dhaka, now a museum showcasing the lifestyle of Bengal's aristocracy. Famous for its distinctive pink color and Indo-European architecture.",
    "images": [
      "https://images.unsplash.com/photo-1567359781514-3b964e2b04d6?ixlib=rb-4.0.3&auto=format&fit=crop&w=1000&q=80",
      "https://images.unsplash.com/photo-1571919743851-c8d73b5ca8c4?ixlib=rb-4.0.3&auto=format&fit=crop&w=1000&q=80"
    ],
    "location": {
      "address": "Kumartoli, Old Dhaka",
      "city": "Dhaka",
      "country": "Bangladesh",
      "latitude": 23.7084,
      "longitude": 90.4066
    },
    "division": "Dhaka",
    "district": "Dhaka",
    "rating": 4.5,
    "reviewCount": 2890,
    "entryFee": 20.0,
    "currency": "৳",
    "category": "Historical",
    "subcategory": "Palace",
    "highlights": ["Pink Palace", "Nawab Heritage", "Indo-European Architecture", "Historical Artifacts"],
    "historicalPeriod": "Colonial",
    "openingHours": "10:00 AM",
    "closingHours": "6:00 PM",
    "isOpen": true,
    "estimatedDuration": 90,
    "bestTimeToVisit": "November to February (Winter)",
    "nearbyAttractions": ["Lalbagh Fort", "Star Mosque", "Sadarghat River Port"],
    "facilities": ["Museum", "Gift Shop", "Guide Services", "Photography"],
    "activities": ["Museum Tour", "Photography", "Historical Study", "Architecture Viewing"],
    "isAccessible": true,
    "hasGuide": true,
    "hasParking": true,
    "hasRestaurant": false,
    "hasGiftShop": true,
    "significance": "National Heritage",
    "contactPhone": "+880-2-7316484",
    "website": null
  },
  {
    "id": "attr_008",
    "name": "Saint Martin's Island",
    "description": "Bangladesh's only coral island, known for its crystal clear water, coral reefs, and pristine beaches. A tropical paradise perfect for snorkeling, diving, and relaxation.",
    "images": [
      "https://images.unsplash.com/photo-1506905925346-21bda4d32df4?ixlib=rb-4.0.3&auto=format&fit=crop&w=1000&q=80",
      "https://images.unsplash.com/photo-1551524164-6ca04ac833fb?ixlib=rb-4.0.3&auto=format&fit=crop&w=1000&q=80"
    ],
    "location": {
      "address": "Saint Martin's Island",
      "city": "Teknaf",
      "country": "Bangladesh",
      "latitude": 20.6077,
      "longitude": 92.3227
    },
    "division": "Chittagong",
    "district": "Cox's Bazar",
    "rating": 4.7,
    "reviewCount": 1950,
    "entryFee": null,
    "currency": "৳",
    "category": "Natural",
    "subcategory": "Island",
    "highlights": ["Coral Island", "Crystal Clear Water", "Coral Reefs", "Marine Life"],
    "historicalPeriod": "Ancient",
    "openingHours": "24 Hours",
    "closingHours": "24 Hours",
    "isOpen": true,
    "estimatedDuration": 720,
    "bestTimeToVisit": "November to March (Winter)",
    "nearbyAttractions": ["Cox's Bazar Beach", "Teknaf Wildlife Sanctuary"],
    "facilities": ["Resorts", "Restaurants", "Boat Services", "Diving Equipment"],
    "activities": ["Snorkeling", "Diving", "Beach Activities", "Island Hopping", "Photography"],
    "isAccessible": false,
    "hasGuide": true,
    "hasParking": false,
    "hasRestaurant": true,
    "hasGiftShop": true,
    "significance": "Only Coral Island in Bangladesh",
    "contactPhone": "+880-341-56789",
    "website": null
  },
  {
    "id": "attr_009",
    "name": "Kantajew Temple",
    "description": "18th-century Hindu temple renowned for its exquisite terracotta artwork and intricate architectural design. One of the finest examples of terracotta art in Bangladesh.",
    "images": [
      "https://images.unsplash.com/photo-1564769625392-651b315baa56?ixlib=rb-4.0.3&auto=format&fit=crop&w=1000&q=80",
      "https://images.unsplash.com/photo-1588668214407-6ea9a6d8c272?ixlib=rb-4.0.3&auto=format&fit=crop&w=1000&q=80"
    ],
    "location": {
      "address": "Kantanagar Village",
      "city": "Dinajpur",
      "country": "Bangladesh",
      "latitude": 25.6515,
      "longitude": 88.6554
    },
    "division": "Rangpur",
    "district": "Dinajpur",
    "rating": 4.6,
    "reviewCount": 1450,
    "entryFee": 10.0,
    "currency": "৳",
    "category": "Religious",
    "subcategory": "Hindu Temple",
    "highlights": ["Terracotta Art", "Hindu Architecture", "Intricate Carvings", "Ancient Craftsmanship"],
    "historicalPeriod": "Colonial",
    "openingHours": "8:00 AM",
    "closingHours": "6:00 PM",
    "isOpen": true,
    "estimatedDuration": 90,
    "bestTimeToVisit": "November to February (Winter)",
    "nearbyAttractions": ["Paharpur Buddhist Monastery", "Ramsagar National Park"],
    "facilities": ["Guide Services", "Prayer Area", "Photography", "Parking"],
    "activities": ["Temple Visit", "Photography", "Art Study", "Prayer"],
    "isAccessible": true,
    "hasGuide": true,
    "hasParking": true,
    "hasRestaurant": false,
    "hasGiftShop": false,
    "significance": "Finest Terracotta Art in Bangladesh",
    "contactPhone": "+880-531-61425",
    "website": null
  },
  {
    "id": "attr_010",
    "name": "Jaflong Stone Collection Area",
    "description": "Scenic spot where the Piyain River meets the hills of Meghalaya, India. Famous for stone collection, crystal clear water, and stunning mountain views.",
    "images": [
      "https://images.unsplash.com/photo-1506905925346-21bda4d32df4?ixlib=rb-4.0.3&auto=format&fit=crop&w=1000&q=80",
      "https://images.unsplash.com/photo-1441974231531-c6227db76b6e?ixlib=rb-4.0.3&auto=format&fit=crop&w=1000&q=80"
    ],
    "location": {
      "address": "Jaflong Border",
      "city": "Sylhet",
      "country": "Bangladesh",
      "latitude": 25.1725,
      "longitude": 92.1003
    },
    "division": "Sylhet",
    "district": "Sylhet",
    "rating": 4.3,
    "reviewCount": 2750,
    "entryFee": null,
    "currency": "৳",
    "category": "Natural",
    "subcategory": "Scenic Spot",
    "highlights": ["Stone Collection", "Crystal Clear River", "Mountain Views", "Border Scenery"],
    "historicalPeriod": "Modern",
    "openingHours": "6:00 AM",
    "closingHours": "6:00 PM",
    "isOpen": true,
    "estimatedDuration": 180,
    "bestTimeToVisit": "November to February (Winter)",
    "nearbyAttractions": ["Ratargul Swamp Forest", "Lalakhal", "Bichnakandi"],
    "facilities": ["Boat Services", "Local Shops", "Rest Area", "Food Stalls"],
    "activities": ["Stone Collection", "Boat Ride", "Photography", "Sightseeing"],
    "isAccessible": true,
    "hasGuide": false,
    "hasParking": true,
    "hasRestaurant": true,
    "hasGiftShop": true,
    "significance": "Popular Tourist Destination",
    "contactPhone": "+880-821-725896",
    "website": null
  },
  {
    "id": "attr_011",
    "name": "Mahasthangarh Archaeological Site",
    "description": "The earliest urban archaeological site in Bangladesh dating back to 3rd century BC. Known as Pundranagara in ancient times, it contains ruins of an ancient fortified city.",
    "images": [
      "https://images.unsplash.com/photo-1571919743851-c8d73b5ca8c4?ixlib=rb-4.0.3&auto=format&fit=crop&w=1000&q=80",
      "https://images.unsplash.com/photo-1564769625392-651b315baa56?ixlib=rb-4.0.3&auto=format&fit=crop&w=1000&q=80"
    ],
    "location": {
      "address": "Mahasthan Village",
      "city": "Bogura",
      "country": "Bangladesh",
      "latitude": 24.9689,
      "longitude": 89.3500
    },
    "division": "Rajshahi",
    "district": "Bogura",
    "rating": 4.4,
    "reviewCount": 1680,
    "entryFee": 20.0,
    "currency": "৳",
    "category": "Archaeological",
    "subcategory": "Ancient City",
    "highlights": ["Ancient Fortified City", "Archaeological Ruins", "Ancient Artifacts", "Historical Museum"],
    "historicalPeriod": "Ancient",
    "openingHours": "9:00 AM",
    "closingHours": "5:00 PM",
    "isOpen": true,
    "estimatedDuration": 150,
    "bestTimeToVisit": "November to February (Winter)",
    "nearbyAttractions": ["Paharpur Buddhist Monastery", "Gokul Medh"],
    "facilities": ["Museum", "Archaeological Site", "Guide Services", "Rest Area"],
    "activities": ["Archaeological Tour", "Historical Study", "Photography", "Museum Visit"],
    "isAccessible": true,
    "hasGuide": true,
    "hasParking": true,
    "hasRestaurant": false,
    "hasGiftShop": true,
    "significance": "Earliest Urban Site in Bangladesh",
    "contactPhone": "+880-51-67890",
    "website": null
  },
  {
    "id": "attr_012",
    "name": "Kuakata Sea Beach",
    "description": "Panoramic sea beach where you can see both sunrise and sunset from the same location. Known as 'Sagar Kannya' (Daughter of the Sea), it's one of the rare beaches offering 360-degree sea views.",
    "images": [
      "https://images.unsplash.com/photo-1506905925346-21bda4d32df4?ixlib=rb-4.0.3&auto=format&fit=crop&w=1000&q=80",
      "https://images.unsplash.com/photo-1559827260-dc66d52bef19?ixlib=rb-4.0.3&auto=format&fit=crop&w=1000&q=80"
    ],
    "location": {
      "address": "Kuakata Beach",
      "city": "Patuakhali",
      "country": "Bangladesh",
      "latitude": 21.8174,
      "longitude": 90.1191
    },
    "division": "Barisal",
    "district": "Patuakhali",
    "rating": 4.5,
    "reviewCount": 3250,
    "entryFee": null,
    "currency": "৳",
    "category": "Natural",
    "subcategory": "Beach",
    "highlights": ["Sunrise and Sunset Views", "Panoramic Beach", "Fishing Village", "Mangrove Forest"],
    "historicalPeriod": "Ancient",
    "openingHours": "24 Hours",
    "closingHours": "24 Hours",
    "isOpen": true,
    "estimatedDuration": 480,
    "bestTimeToVisit": "October to March (Winter)",
    "nearbyAttractions": ["Fatrar Char", "Gangamati Forest", "Lebur Char"],
    "facilities": ["Hotels", "Restaurants", "Beach Resorts", "Fishing Boats"],
    "activities": ["Sunrise Viewing", "Sunset Viewing", "Beach Walking", "Fishing", "Photography"],
    "isAccessible": true,
    "hasGuide": false,
    "hasParking": true,
    "hasRestaurant": true,
    "hasGiftShop": true,
    "significance": "Unique Sunrise-Sunset Beach",
    "contactPhone": "+880-441-56789",
    "website": null
  },
  {
    "id": "attr_013",
    "name": "Rangamati Hill District",
    "description": "Scenic hill district with Kaptai Lake, tribal culture, and lush green hills. Home to various indigenous communities and offering boat cruises, hanging bridges, and cultural experiences.",
    "images": [
      "https://images.unsplash.com/photo-1441974231531-c6227db76b6e?ixlib=rb-4.0.3&auto=format&fit=crop&w=1000&q=80",
      "https://images.unsplash.com/photo-1578662996442-48f60103fc96?ixlib=rb-4.0.3&auto=format&fit=crop&w=1000&q=80"
    ],
    "location": {
      "address": "Rangamati Sadar",
      "city": "Rangamati",
      "country": "Bangladesh",
      "latitude": 22.6533,
      "longitude": 92.1975
    },
    "division": "Chittagong",
    "district": "Rangamati",
    "rating": 4.6,
    "reviewCount": 4120,
    "entryFee": null,
    "currency": "৳",
    "category": "Natural",
    "subcategory": "Hill District",
    "highlights": ["Kaptai Lake", "Tribal Culture", "Hanging Bridge", "Hill Views"],
    "historicalPeriod": "Modern",
    "openingHours": "24 Hours",
    "closingHours": "24 Hours",
    "isOpen": true,
    "estimatedDuration": 720,
    "bestTimeToVisit": "October to March (Winter)",
    "nearbyAttractions": ["Bandarban", "Khagrachhari", "Chittagong Hill Tracts"],
    "facilities": ["Resorts", "Boat Services", "Cultural Centers", "Handicraft Shops"],
    "activities": ["Boat Cruise", "Cultural Tours", "Hill Trekking", "Photography", "Tribal Village Visit"],
    "isAccessible": true,
    "hasGuide": true,
    "hasParking": true,
    "hasRestaurant": true,
    "hasGiftShop": true,
    "significance": "Largest Hill District",
    "contactPhone": "+880-351-62345",
    "website": null
  },
  {
    "id": "attr_014",
    "name": "Somapura Mahavihara (Paharpur)",
    "description": "Remains of the largest Buddhist monastery south of the Himalayas, built in the 8th century. UNESCO World Heritage Site showcasing ancient Buddhist architecture and sculpture.",
    "images": [
      "https://images.unsplash.com/photo-1564769625392-651b315baa56?ixlib=rb-4.0.3&auto=format&fit=crop&w=1000&q=80",
      "https://images.unsplash.com/photo-1588668214407-6ea9a6d8c272?ixlib=rb-4.0.3&auto=format&fit=crop&w=1000&q=80"
    ],
    "location": {
      "address": "Paharpur Village",
      "city": "Naogaon",
      "country": "Bangladesh",
      "latitude": 25.0281,
      "longitude": 88.9789
    },
    "division": "Rajshahi",
    "district": "Naogaon",
    "rating": 4.7,
    "reviewCount": 1890,
    "entryFee": 30.0,
    "currency": "৳",
    "category": "Archaeological",
    "subcategory": "Buddhist Monastery",
    "highlights": ["Largest Buddhist Monastery", "Ancient Sculptures", "Meditation Cells", "Archaeological Museum"],
    "historicalPeriod": "Ancient",
    "openingHours": "9:00 AM",
    "closingHours": "5:00 PM",
    "isOpen": true,
    "estimatedDuration": 180,
    "bestTimeToVisit": "November to February (Winter)",
    "nearbyAttractions": ["Mahasthangarh", "Kantajew Temple"],
    "facilities": ["Museum", "Archaeological Site", "Guide Services", "Research Center"],
    "activities": ["Archaeological Tour", "Photography", "Historical Research", "Meditation"],
    "isAccessible": true,
    "hasGuide": true,
    "hasParking": true,
    "hasRestaurant": false,
    "hasGiftShop": true,
    "significance": "UNESCO World Heritage Site",
    "contactPhone": "+880-741-56892",
    "website": null
  },
  {
    "id": "attr_015",
    "name": "Bandarban Hill District",
    "description": "Highest hill district in Bangladesh featuring Keokradong peak, tribal communities, waterfalls, and adventure tourism. Perfect for trekking, rock climbing, and cultural exploration.",
    "images": [
      "https://images.unsplash.com/photo-1441974231531-c6227db76b6e?ixlib=rb-4.0.3&auto=format&fit=crop&w=1000&q=80",
      "https://images.unsplash.com/photo-1506905925346-21bda4d32df4?ixlib=rb-4.0.3&auto=format&fit=crop&w=1000&q=80"
    ],
    "location": {
      "address": "Bandarban Sadar",
      "city": "Bandarban",
      "country": "Bangladesh",
      "latitude": 22.1953,
      "longitude": 92.2183
    },
    "division": "Chittagong",
    "district": "Bandarban",
    "rating": 4.8,
    "reviewCount": 3780,
    "entryFee": null,
    "currency": "৳",
    "category": "Natural",
    "subcategory": "Hill District",
    "highlights": ["Highest Hills", "Keokradong Peak", "Waterfalls", "Adventure Tourism"],
    "historicalPeriod": "Ancient",
    "openingHours": "24 Hours",
    "closingHours": "24 Hours",
    "isOpen": true,
    "estimatedDuration": 720,
    "bestTimeToVisit": "October to March (Winter)",
    "nearbyAttractions": ["Rangamati", "Khagrachhari", "Nilachal", "Shoilo Propat"],
    "facilities": ["Eco Resorts", "Trekking Guides", "Adventure Equipment", "Cultural Centers"],
    "activities": ["Hill Trekking", "Rock Climbing", "Waterfall Visit", "Tribal Culture", "Adventure Sports"],
    "isAccessible": false,
    "hasGuide": true,
    "hasParking": true,
    "hasRestaurant": true,
    "hasGiftShop": true,
    "significance": "Highest Hill District",
    "contactPhone": "+880-361-62456",
    "website": null
  },
  {
    "id": "attr_016",
    "name": "Sitakunda Eco Park",
    "description": "Botanical garden and eco park at the foothills of Sitakunda range. Features diverse flora, medicinal plants, tribal culture, and the famous Chandranath Temple on the hilltop.",
    "images": [
      "https://images.unsplash.com/photo-1578662996442-48f60103fc96?ixlib=rb-4.0.3&auto=format&fit=crop&w=1000&q=80",
      "https://images.unsplash.com/photo-1441974231531-c6227db76b6e?ixlib=rb-4.0.3&auto=format&fit=crop&w=1000&q=80"
    ],
    "location": {
      "address": "Sitakunda Upazila",
      "city": "Chittagong",
      "country": "Bangladesh",
      "latitude": 22.6263,
      "longitude": 91.6708
    },
    "division": "Chittagong",
    "district": "Chittagong",
    "rating": 4.3,
    "reviewCount": 2150,
    "entryFee": 25.0,
    "currency": "৳",
    "category": "Natural",
    "subcategory": "Eco Park",
    "highlights": ["Botanical Garden", "Medicinal Plants", "Chandranath Temple", "Hill Views"],
    "historicalPeriod": "Ancient",
    "openingHours": "8:00 AM",
    "closingHours": "6:00 PM",
    "isOpen": true,
    "estimatedDuration": 240,
    "bestTimeToVisit": "October to March (Winter)",
    "nearbyAttractions": ["Foy's Lake", "Patenga Beach", "Chittagong War Cemetery"],
    "facilities": ["Botanical Garden", "Temple", "Guide Services", "Rest Shelter"],
    "activities": ["Nature Walk", "Temple Visit", "Photography", "Botanical Study", "Hill Climbing"],
    "isAccessible": true,
    "hasGuide": true,
    "hasParking": true,
    "hasRestaurant": true,
    "hasGiftShop": false,
    "significance": "Botanical Diversity Center",
    "contactPhone": "+880-31-623789",
    "website": null
  },
  {
    "id": "attr_017",
    "name": "Nijhum Dwip National Park",
    "description": "Island national park in the Bay of Bengal known for spotted deer, migratory birds, and mangrove forests. A pristine natural habitat perfect for wildlife photography and eco-tourism.",
    "images": [
      "https://images.unsplash.com/photo-1559827260-dc66d52bef19?ixlib=rb-4.0.3&auto=format&fit=crop&w=1000&q=80",
      "https://images.unsplash.com/photo-1506905925346-21bda4d32df4?ixlib=rb-4.0.3&auto=format&fit=crop&w=1000&q=80"
    ],
    "location": {
      "address": "Nijhum Dwip",
      "city": "Noakhali",
      "country": "Bangladesh",
      "latitude": 22.1061,
      "longitude": 91.0986
    },
    "division": "Chittagong",
    "district": "Noakhali",
    "rating": 4.5,
    "reviewCount": 1560,
    "entryFee": 100.0,
    "currency": "৳",
    "category": "Natural",
    "subcategory": "National Park",
    "highlights": ["Spotted Deer", "Migratory Birds", "Mangrove Forest", "Island Wildlife"],
    "historicalPeriod": "Modern",
    "openingHours": "6:00 AM",
    "closingHours": "6:00 PM",
    "isOpen": true,
    "estimatedDuration": 360,
    "bestTimeToVisit": "November to February (Winter)",
    "nearbyAttractions": ["Sonapur Beach", "Hatiya Island"],
    "facilities": ["Boat Services", "Wildlife Guides", "Observation Towers", "Rest Houses"],
    "activities": ["Wildlife Safari", "Bird Watching", "Photography", "Boat Tours", "Nature Study"],
    "isAccessible": false,
    "hasGuide": true,
    "hasParking": false,
    "hasRestaurant": false,
    "hasGiftShop": false,
    "significance": "National Park",
    "contactPhone": "+880-321-56123",
    "website": null
  },
  {
    "id": "attr_018",
    "name": "Lalakhal Blue River",
    "description": "Crystal clear blue river flowing from the hills of Meghalaya, India. Famous for its transparent blue water, river cruises, and scenic beauty surrounded by hills and tea gardens.",
    "images": [
      "https://images.unsplash.com/photo-1506905925346-21bda4d32df4?ixlib=rb-4.0.3&auto=format&fit=crop&w=1000&q=80",
      "https://images.unsplash.com/photo-1441974231531-c6227db76b6e?ixlib=rb-4.0.3&auto=format&fit=crop&w=1000&q=80"
    ],
    "location": {
      "address": "Lalakhal",
      "city": "Sylhet",
      "country": "Bangladesh",
      "latitude": 25.1500,
      "longitude": 92.0833
    },
    "division": "Sylhet",
    "district": "Sylhet",
    "rating": 4.7,
    "reviewCount": 2890,
    "entryFee": null,
    "currency": "৳",
    "category": "Natural",
    "subcategory": "River",
    "highlights": ["Blue Water", "Crystal Clear River", "Hill Views", "Tea Gardens"],
    "historicalPeriod": "Ancient",
    "openingHours": "6:00 AM",
    "closingHours": "6:00 PM",
    "isOpen": true,
    "estimatedDuration": 180,
    "bestTimeToVisit": "November to February (Winter)",
    "nearbyAttractions": ["Jaflong", "Ratargul Swamp Forest", "Bichnakandi"],
    "facilities": ["Boat Services", "Local Shops", "Rest Area", "Photography Spots"],
    "activities": ["Boat Cruise", "Photography", "Sightseeing", "Swimming", "Fishing"],
    "isAccessible": true,
    "hasGuide": false,
    "hasParking": true,
    "hasRestaurant": true,
    "hasGiftShop": false,
    "significance": "Unique Blue River",
    "contactPhone": "+880-821-567123",
    "website": null
  },
  {
    "id": "attr_019",
    "name": "Mainamati Archaeological Site",
    "description": "Ancient Buddhist cultural center with ruins of 50 Buddhist sites including Salban Vihara. Dating from 8th to 12th centuries, it showcases the Buddhist heritage of ancient Bengal.",
    "images": [
      "https://images.unsplash.com/photo-1571919743851-c8d73b5ca8c4?ixlib=rb-4.0.3&auto=format&fit=crop&w=1000&q=80",
      "https://images.unsplash.com/photo-1564769625392-651b315baa56?ixlib=rb-4.0.3&auto=format&fit=crop&w=1000&q=80"
    ],
    "location": {
      "address": "Mainamati",
      "city": "Cumilla",
      "country": "Bangladesh",
      "latitude": 23.3333,
      "longitude": 91.1667
    },
    "division": "Chittagong",
    "district": "Cumilla",
    "rating": 4.4,
    "reviewCount": 1750,
    "entryFee": 20.0,
    "currency": "৳",
    "category": "Archaeological",
    "subcategory": "Buddhist Site",
    "highlights": ["Salban Vihara", "Ancient Buddhist Culture", "Archaeological Ruins", "Museum"],
    "historicalPeriod": "Medieval",
    "openingHours": "9:00 AM",
    "closingHours": "5:00 PM",
    "isOpen": true,
    "estimatedDuration": 150,
    "bestTimeToVisit": "November to February (Winter)",
    "nearbyAttractions": ["Cumilla War Cemetery", "Dharmarajika Buddhist Monastery"],
    "facilities": ["Museum", "Archaeological Site", "Guide Services", "Research Center"],
    "activities": ["Archaeological Tour", "Museum Visit", "Photography", "Historical Study"],
    "isAccessible": true,
    "hasGuide": true,
    "hasParking": true,
    "hasRestaurant": false,
    "hasGiftShop": true,
    "significance": "Ancient Buddhist Cultural Center",
    "contactPhone": "+880-81-67345",
    "website": null
  },
  {
    "id": "attr_020",
    "name": "Teknaf Wildlife Sanctuary",
    "description": "Coastal wildlife sanctuary at the southernmost tip of Bangladesh, home to Asian elephants, wild boars, and diverse bird species. Important conservation area for endangered wildlife.",
    "images": [
      "https://images.unsplash.com/photo-1578662996442-48f60103fc96?ixlib=rb-4.0.3&auto=format&fit=crop&w=1000&q=80",
      "https://images.unsplash.com/photo-1559827260-dc66d52bef19?ixlib=rb-4.0.3&auto=format&fit=crop&w=1000&q=80"
    ],
    "location": {
      "address": "Teknaf Peninsula",
      "city": "Teknaf",
      "country": "Bangladesh",
      "latitude": 20.8631,
      "longitude": 92.3061
    },
    "division": "Chittagong",
    "district": "Cox's Bazar",
    "rating": 4.2,
    "reviewCount": 1340,
    "entryFee": 150.0,
    "currency": "৳",
    "category": "Natural",
    "subcategory": "Wildlife Sanctuary",
    "highlights": ["Asian Elephants", "Wild Boars", "Bird Species", "Coastal Ecosystem"],
    "historicalPeriod": "Modern",
    "openingHours": "6:00 AM",
    "closingHours": "5:00 PM",
    "isOpen": true,
    "estimatedDuration": 300,
    "bestTimeToVisit": "November to February (Winter)",
    "nearbyAttractions": ["Saint Martin's Island", "Cox's Bazar Beach", "Myanmar Border"],
    "facilities": ["Wildlife Guides", "Observation Points", "Rest Shelter", "Safari Jeep"],
    "activities": ["Wildlife Safari", "Bird Watching", "Photography", "Nature Study", "Elephant Spotting"],
    "isAccessible": false,
    "hasGuide": true,
    "hasParking": true,
    "hasRestaurant": false,
    "hasGiftShop": false,
    "significance": "Wildlife Conservation Area",
    "contactPhone": "+880-341-62789",
    "website": null
  }
]