[
  {
    "id": "hotel_bd_001",
    "name": "Pan Pacific Sonargaon Dhaka",
    "description": "Luxury 5-star hotel in the heart of Dhaka with world-class amenities, rooftop pool, and panoramic city views. Perfect for business travelers and tourists.",
    "images": [
      "https://images.unsplash.com/photo-1566073771259-6a8506099945?w=800",
      "https://images.unsplash.com/photo-1582719478250-c89cae4dc85b?w=800"
    ],
    "location": {
      "latitude": 23.7465,
      "longitude": 90.3914,
      "address": "107 Kazi Nazrul Islam Avenue, Karwan Bazar",
      "city": "Dhaka",
      "country": "Bangladesh"
    },
    "rating": 4.8,
    "reviewCount": 1250,
    "pricePerNight": 12000.00,
    "currency": "BDT",
    "amenities": ["Free WiFi", "Swimming Pool", "Spa", "Fitness Center", "Restaurant", "Business Center", "Concierge", "Room Service"],
    "category": "luxury",
    "division": "Dhaka",
    "district": "Dhaka",
    "hotelType": "business",
    "totalRooms": 240,
    "nearbyAttractions": ["National Museum", "Ramna Park", "New Market", "Dhanmondi Lake"],
    "checkInTime": "3:00 PM",
    "checkOutTime": "12:00 PM",
    "isAvailable": true,
    "hasParking": true,
    "hasAirport": true,
    "contactPhone": "+880-2-55001234",
    "website": "https://panpacific.com"
  },
  {
    "id": "hotel_bd_002",
    "name": "Hotel Sea Crown Cox's Bazar",
    "description": "Premier beachfront resort offering stunning sea views, private beach access, and traditional Bengali hospitality in the world's longest natural beach.",
    "images": [
      "https://images.unsplash.com/photo-1520250497591-112f2f40a3f4?w=800",
      "https://images.unsplash.com/photo-1571003123894-1f0594d2b5d9?w=800"
    ],
    "location": {
      "latitude": 21.4272,
      "longitude": 92.0058,
      "address": "Hotel Motel Zone, Kolatoli Road",
      "city": "Cox's Bazar",
      "country": "Bangladesh"
    },
    "rating": 4.6,
    "reviewCount": 890,
    "pricePerNight": 8500.00,
    "currency": "BDT",
    "amenities": ["Beach Access", "Swimming Pool", "Restaurant", "Free WiFi", "Spa", "Water Sports", "Conference Hall"],
    "category": "resort",
    "division": "Chittagong",
    "district": "Cox's Bazar",
    "hotelType": "resort",
    "totalRooms": 156,
    "nearbyAttractions": ["Cox's Bazar Beach", "Inani Beach", "Himchari National Park", "Maheshkhali Island"],
    "checkInTime": "2:00 PM",
    "checkOutTime": "11:00 AM",
    "isAvailable": true,
    "hasParking": true,
    "hasAirport": false,
    "contactPhone": "+880-341-64567",
    "website": "https://seacrownhotel.com"
  },
  {
    "id": "hotel_bd_003",
    "name": "Grand Sultan Tea Resort & Golf",
    "description": "Nestled in the rolling hills of Sylhet, this resort offers breathtaking views of tea gardens, golf course, and serene natural beauty.",
    "images": [
      "https://images.unsplash.com/photo-1578774925442-55caa5c96fa8?w=800",
      "https://images.unsplash.com/photo-1590490360182-c33d57733427?w=800"
    ],
    "location": {
      "latitude": 24.8949,
      "longitude": 91.8687,
      "address": "Sreemangal Tea Garden Area",
      "city": "Sreemangal",
      "country": "Bangladesh"
    },
    "rating": 4.7,
    "reviewCount": 567,
    "pricePerNight": 6500.00,
    "currency": "BDT",
    "amenities": ["Golf Course", "Tea Garden Tours", "Restaurant", "Free WiFi", "Spa", "Nature Walks", "Conference Rooms"],
    "category": "resort",
    "division": "Sylhet",
    "district": "Moulvibazar",
    "hotelType": "resort",
    "totalRooms": 78,
    "nearbyAttractions": ["Lawachara National Park", "Tea Estates", "Madhabkunda Waterfall", "Ham Ham Waterfall"],
    "checkInTime": "2:00 PM",
    "checkOutTime": "12:00 PM",
    "isAvailable": true,
    "hasParking": true,
    "hasAirport": false,
    "contactPhone": "+880-863-56789",
    "website": "https://grandsultanresort.com"
  },
  {
    "id": "hotel_bd_004",
    "name": "Hotel Agrabad Chittagong",
    "description": "Modern business hotel in Chittagong's commercial district, offering comfortable accommodation and excellent service for business travelers.",
    "images": [
      "https://images.unsplash.com/photo-1551882547-ff40c63fe5fa?w=800",
      "https://images.unsplash.com/photo-1596178065887-1198b6148b2b?w=800"
    ],
    "location": {
      "latitude": 22.3569,
      "longitude": 91.7832,
      "address": "Commercial Area, Agrabad",
      "city": "Chittagong",
      "country": "Bangladesh"
    },
    "rating": 4.3,
    "reviewCount": 425,
    "pricePerNight": 4500.00,
    "currency": "BDT",
    "amenities": ["Free WiFi", "Business Center", "Restaurant", "Meeting Rooms", "Airport Shuttle", "Laundry Service"],
    "category": "business",
    "division": "Chittagong",
    "district": "Chittagong",
    "hotelType": "business",
    "totalRooms": 120,
    "nearbyAttractions": ["Chittagong Port", "Ethnological Museum", "Foy's Lake", "Patenga Beach"],
    "checkInTime": "2:00 PM",
    "checkOutTime": "12:00 PM",
    "isAvailable": true,
    "hasParking": true,
    "hasAirport": true,
    "contactPhone": "+880-31-654321",
    "website": "https://hotelagrabad.com"
  },
  {
    "id": "hotel_bd_005",
    "name": "Rose Garden Palace Hotel",
    "description": "Heritage hotel in Old Dhaka offering traditional Bengali architecture, antique furnishings, and authentic cultural experience.",
    "images": [
      "https://images.unsplash.com/photo-1564501049412-61c2a3083791?w=800",
      "https://images.unsplash.com/photo-1578662996442-48f60103fc96?w=800"
    ],
    "location": {
      "latitude": 23.7199,
      "longitude": 90.3781,
      "address": "K.M. Das Lane, Tikatuli, Old Dhaka",
      "city": "Dhaka",
      "country": "Bangladesh"
    },
    "rating": 4.4,
    "reviewCount": 312,
    "pricePerNight": 3500.00,
    "currency": "BDT",
    "amenities": ["Heritage Architecture", "Traditional Restaurant", "Free WiFi", "Cultural Tours", "Garden", "Library"],
    "category": "heritage",
    "division": "Dhaka",
    "district": "Dhaka",
    "hotelType": "heritage",
    "totalRooms": 45,
    "nearbyAttractions": ["Lalbagh Fort", "Ahsan Manzil", "Star Mosque", "Shakhari Bazar"],
    "checkInTime": "2:00 PM",
    "checkOutTime": "11:00 AM",
    "isAvailable": true,
    "hasParking": false,
    "hasAirport": false,
    "contactPhone": "+880-2-7316542",
    "website": "https://rosegardenpalace.com"
  },
  {
    "id": "hotel_bd_006",
    "name": "Royal Tulip Rajshahi",
    "description": "Contemporary hotel in the silk city of Rajshahi, offering modern amenities and easy access to historical sites and silk industry.",
    "images": [
      "https://images.unsplash.com/photo-1566073771259-6a8506099945?w=800",
      "https://images.unsplash.com/photo-1590490360182-c33d57733427?w=800"
    ],
    "location": {
      "latitude": 24.3636,
      "longitude": 88.6241,
      "address": "Shaheb Bazar Road, Rajshahi",
      "city": "Rajshahi",
      "country": "Bangladesh"
    },
    "rating": 4.5,
    "reviewCount": 678,
    "pricePerNight": 5500.00,
    "currency": "BDT",
    "amenities": ["Swimming Pool", "Restaurant", "Free WiFi", "Fitness Center", "Business Center", "Conference Rooms", "Spa"],
    "category": "standard",
    "division": "Rajshahi",
    "district": "Rajshahi",
    "hotelType": "business",
    "totalRooms": 98,
    "nearbyAttractions": ["Puthia Temple Complex", "Varendra Research Museum", "Padma River", "Silk Factory"],
    "checkInTime": "2:00 PM",
    "checkOutTime": "12:00 PM",
    "isAvailable": true,
    "hasParking": true,
    "hasAirport": true,
    "contactPhone": "+880-721-456789",
    "website": "https://royaltuliprajshahi.com"
  },
  {
    "id": "hotel_bd_007",
    "name": "Hotel Castle Salam Sylhet",
    "description": "Elegant hotel in Sylhet city center, known for excellent hospitality and proximity to tea gardens and spiritual sites.",
    "images": [
      "https://images.unsplash.com/photo-1571003123894-1f0594d2b5d9?w=800",
      "https://images.unsplash.com/photo-1578774925442-55caa5c96fa8?w=800"
    ],
    "location": {
      "latitude": 24.8949,
      "longitude": 91.8687,
      "address": "Chowhatta Circle, Sylhet",
      "city": "Sylhet",
      "country": "Bangladesh"
    },
    "rating": 4.4,
    "reviewCount": 534,
    "pricePerNight": 4800.00,
    "currency": "BDT",
    "amenities": ["Restaurant", "Free WiFi", "Meeting Rooms", "Room Service", "Laundry", "Airport Transfer"],
    "category": "standard",
    "division": "Sylhet",
    "district": "Sylhet",
    "hotelType": "business",
    "totalRooms": 76,
    "nearbyAttractions": ["Hazrat Shah Jalal Mazar", "Hazrat Shah Paran Mazar", "Sylhet Tea Estates", "Jaflong"],
    "checkInTime": "1:00 PM",
    "checkOutTime": "11:00 AM",
    "isAvailable": true,
    "hasParking": true,
    "hasAirport": true,
    "contactPhone": "+880-821-567890",
    "website": "https://castlesalam.com"
  },
  {
    "id": "hotel_bd_008",
    "name": "Green Hill Resort Bandarban",
    "description": "Mountain resort offering spectacular hill views, tribal culture experiences, and adventure activities in the Chittagong Hill Tracts.",
    "images": [
      "https://images.unsplash.com/photo-1520250497591-112f2f40a3f4?w=800",
      "https://images.unsplash.com/photo-1578662996442-48f60103fc96?w=800"
    ],
    "location": {
      "latitude": 22.1953,
      "longitude": 92.2207,
      "address": "Hill Station Road, Bandarban",
      "city": "Bandarban",
      "country": "Bangladesh"
    },
    "rating": 4.2,
    "reviewCount": 298,
    "pricePerNight": 3800.00,
    "currency": "BDT",
    "amenities": ["Mountain Views", "Tribal Culture Tours", "Restaurant", "Free WiFi", "Trekking Guide", "Bonfire Area"],
    "category": "resort",
    "division": "Chittagong",
    "district": "Bandarban",
    "hotelType": "resort",
    "totalRooms": 42,
    "nearbyAttractions": ["Nilgiri Hills", "Boga Lake", "Keokradong Peak", "Tribal Villages"],
    "checkInTime": "2:00 PM",
    "checkOutTime": "11:00 AM",
    "isAvailable": true,
    "hasParking": true,
    "hasAirport": false,
    "contactPhone": "+880-361-62345",
    "website": "https://greenhillresort.com"
  },
  {
    "id": "hotel_bd_009",
    "name": "Sundarban Tiger Camp",
    "description": "Eco-friendly resort in the heart of Sundarbans mangrove forest, offering unique wildlife experiences and boat safari tours.",
    "images": [
      "https://images.unsplash.com/photo-1564501049412-61c2a3083791?w=800",
      "https://images.unsplash.com/photo-1520250497591-112f2f40a3f4?w=800"
    ],
    "location": {
      "latitude": 22.1592,
      "longitude": 89.1819,
      "address": "Sundarban Forest Area, Khulna",
      "city": "Khulna",
      "country": "Bangladesh"
    },
    "rating": 4.6,
    "reviewCount": 445,
    "pricePerNight": 7500.00,
    "currency": "BDT",
    "amenities": ["Boat Safari", "Wildlife Tours", "Restaurant", "Eco Lodge", "Nature Guides", "Bird Watching"],
    "category": "resort",
    "division": "Khulna",
    "district": "Khulna",
    "hotelType": "resort",
    "totalRooms": 24,
    "nearbyAttractions": ["Royal Bengal Tigers", "Spotted Deer", "Crocodiles", "Mangrove Forest"],
    "checkInTime": "12:00 PM",
    "checkOutTime": "10:00 AM",
    "isAvailable": true,
    "hasParking": false,
    "hasAirport": false,
    "contactPhone": "+880-41-567812",
    "website": "https://sundarbantigercamp.com"
  },
  {
    "id": "hotel_bd_010",
    "name": "Hotel Noorjahan Grand Sylhet",
    "description": "Modern business hotel in Sylhet with contemporary amenities, perfect for both business and leisure travelers visiting the tea capital.",
    "images": [
      "https://images.unsplash.com/photo-1596178065887-1198b6148b2b?w=800",
      "https://images.unsplash.com/photo-1590490360182-c33d57733427?w=800"
    ],
    "location": {
      "latitude": 24.8949,
      "longitude": 91.8687,
      "address": "Dargah Gate, Sylhet",
      "city": "Sylhet",
      "country": "Bangladesh"
    },
    "rating": 4.3,
    "reviewCount": 367,
    "pricePerNight": 4200.00,
    "currency": "BDT",
    "amenities": ["Free WiFi", "Restaurant", "Business Center", "Meeting Rooms", "Fitness Center", "Room Service"],
    "category": "business",
    "division": "Sylhet",
    "district": "Sylhet",
    "hotelType": "business",
    "totalRooms": 89,
    "nearbyAttractions": ["Shah Jalal University", "Ali Amjad Clock", "Osmani Museum", "Tea Research Institute"],
    "checkInTime": "2:00 PM",
    "checkOutTime": "12:00 PM",
    "isAvailable": true,
    "hasParking": true,
    "hasAirport": true,
    "contactPhone": "+880-821-765432",
    "website": "https://noorjahangrand.com"
  },
  {
    "id": "hotel_bd_011",
    "name": "Hotel Golden Inn Bogura",
    "description": "Comfortable mid-range hotel in Bogura, offering good value accommodation with modern amenities and local hospitality.",
    "images": [
      "https://images.unsplash.com/photo-1551882547-ff40c63fe5fa?w=800",
      "https://images.unsplash.com/photo-1578774925442-55caa5c96fa8?w=800"
    ],
    "location": {
      "latitude": 24.8465,
      "longitude": 89.3776,
      "address": "Rangpur Road, Bogura",
      "city": "Bogura",
      "country": "Bangladesh"
    },
    "rating": 4.1,
    "reviewCount": 234,
    "pricePerNight": 2800.00,
    "currency": "BDT",
    "amenities": ["Free WiFi", "Restaurant", "Room Service", "Laundry", "Meeting Room", "Car Parking"],
    "category": "standard",
    "division": "Rajshahi",
    "district": "Bogura",
    "hotelType": "standard",
    "totalRooms": 65,
    "nearbyAttractions": ["Mahasthangarh", "Govinda Bhita Temple", "Kherua Mosque", "Bogura Museum"],
    "checkInTime": "1:00 PM",
    "checkOutTime": "11:00 AM",
    "isAvailable": true,
    "hasParking": true,
    "hasAirport": false,
    "contactPhone": "+880-51-456789",
    "website": "https://goldennbogura.com"
  },
  {
    "id": "hotel_bd_012",
    "name": "Kuakata Grand Beach Resort",
    "description": "Beachfront resort at Kuakata, offering stunning sunrise and sunset views over the Bay of Bengal with traditional Bengali hospitality.",
    "images": [
      "https://images.unsplash.com/photo-1520250497591-112f2f40a3f4?w=800",
      "https://images.unsplash.com/photo-1571003123894-1f0594d2b5d9?w=800"
    ],
    "location": {
      "latitude": 21.8203,
      "longitude": 90.1184,
      "address": "Kuakata Beach, Patuakhali",
      "city": "Kuakata",
      "country": "Bangladesh"
    },
    "rating": 4.4,
    "reviewCount": 412,
    "pricePerNight": 5200.00,
    "currency": "BDT",
    "amenities": ["Beach Access", "Sea View Rooms", "Restaurant", "Free WiFi", "Boat Tours", "Fishing Trips"],
    "category": "resort",
    "division": "Barisal",
    "district": "Patuakhali",
    "hotelType": "resort",
    "totalRooms": 58,
    "nearbyAttractions": ["Kuakata Beach", "Sagar Island", "Lebur Bon", "Rakhine Village"],
    "checkInTime": "2:00 PM",
    "checkOutTime": "11:00 AM",
    "isAvailable": true,
    "hasParking": true,
    "hasAirport": false,
    "contactPhone": "+880-441-56789",
    "website": "https://kuakataresort.com"
  },
  {
    "id": "hotel_bd_013",
    "name": "Hotel Metro International Dhaka",
    "description": "Budget-friendly hotel in Dhaka city center, offering clean comfortable rooms with essential amenities for budget-conscious travelers.",
    "images": [
      "https://images.unsplash.com/photo-1564501049412-61c2a3083791?w=800",
      "https://images.unsplash.com/photo-1596178065887-1198b6148b2b?w=800"
    ],
    "location": {
      "latitude": 23.7465,
      "longitude": 90.3914,
      "address": "Panthapath, Dhaka",
      "city": "Dhaka",
      "country": "Bangladesh"
    },
    "rating": 3.9,
    "reviewCount": 567,
    "pricePerNight": 1800.00,
    "currency": "BDT",
    "amenities": ["Free WiFi", "Restaurant", "24h Reception", "Room Service", "Laundry", "Airport Shuttle"],
    "category": "budget",
    "division": "Dhaka",
    "district": "Dhaka",
    "hotelType": "budget",
    "totalRooms": 95,
    "nearbyAttractions": ["Bashundhara City Mall", "Kawran Bazar", "Ramna Park", "Dhaka University"],
    "checkInTime": "2:00 PM",
    "checkOutTime": "12:00 PM",
    "isAvailable": true,
    "hasParking": false,
    "hasAirport": true,
    "contactPhone": "+880-2-8765432",
    "website": "https://metrodhaka.com"
  },
  {
    "id": "hotel_bd_014",
    "name": "Mermaid Beach Resort Saint Martin",
    "description": "Tropical island resort on Bangladesh's only coral island, offering crystal clear waters, coral reefs, and pristine beaches.",
    "images": [
      "https://images.unsplash.com/photo-1520250497591-112f2f40a3f4?w=800",
      "https://images.unsplash.com/photo-1578662996442-48f60103fc96?w=800"
    ],
    "location": {
      "latitude": 20.6077,
      "longitude": 92.3231,
      "address": "Saint Martin's Island, Teknaf",
      "city": "Saint Martin",
      "country": "Bangladesh"
    },
    "rating": 4.7,
    "reviewCount": 334,
    "pricePerNight": 6800.00,
    "currency": "BDT",
    "amenities": ["Private Beach", "Coral Reef Tours", "Restaurant", "Water Sports", "Snorkeling", "Boat Transfers"],
    "category": "resort",
    "division": "Chittagong",
    "district": "Cox's Bazar",
    "hotelType": "resort",
    "totalRooms": 36,
    "nearbyAttractions": ["Coral Reefs", "Chera Dwip", "Coconut Groves", "Fishing Villages"],
    "checkInTime": "12:00 PM",
    "checkOutTime": "10:00 AM",
    "isAvailable": true,
    "hasParking": false,
    "hasAirport": false,
    "contactPhone": "+880-341-78901",
    "website": "https://mermaidresort.com"
  },
  {
    "id": "hotel_bd_015",
    "name": "Hotel Zakaria International Rangpur",
    "description": "Modern hotel in Rangpur city, offering comfortable accommodation with contemporary amenities for business and leisure travelers.",
    "images": [
      "https://images.unsplash.com/photo-1566073771259-6a8506099945?w=800",
      "https://images.unsplash.com/photo-1551882547-ff40c63fe5fa?w=800"
    ],
    "location": {
      "latitude": 25.7439,
      "longitude": 89.2752,
      "address": "Station Road, Rangpur",
      "city": "Rangpur",
      "country": "Bangladesh"
    },
    "rating": 4.2,
    "reviewCount": 445,
    "pricePerNight": 3200.00,
    "currency": "BDT",
    "amenities": ["Free WiFi", "Restaurant", "Meeting Rooms", "Business Center", "Room Service", "Car Parking"],
    "category": "business",
    "division": "Rangpur",
    "district": "Rangpur",
    "hotelType": "business",
    "totalRooms": 72,
    "nearbyAttractions": ["Tajhat Palace", "Carmichael College", "Rangpur Zoo", "Begum Rokeya Museum"],
    "checkInTime": "2:00 PM",
    "checkOutTime": "12:00 PM",
    "isAvailable": true,
    "hasParking": true,
    "hasAirport": false,
    "contactPhone": "+880-521-67890",
    "website": "https://zakariarangpur.com"
  },
  {
    "id": "hotel_bd_016",
    "name": "Grand Mawa Resort Mymensingh",
    "description": "Riverside resort in Mymensingh offering peaceful environment, boat rides, and authentic rural Bengali experiences.",
    "images": [
      "https://images.unsplash.com/photo-1578774925442-55caa5c96fa8?w=800",
      "https://images.unsplash.com/photo-1590490360182-c33d57733427?w=800"
    ],
    "location": {
      "latitude": 24.7471,
      "longitude": 90.4203,
      "address": "Brahmaputra Riverbank, Mymensingh",
      "city": "Mymensingh",
      "country": "Bangladesh"
    },
    "rating": 4.3,
    "reviewCount": 278,
    "pricePerNight": 4500.00,
    "currency": "BDT",
    "amenities": ["River Views", "Boat Rides", "Restaurant", "Free WiFi", "Fishing", "Rural Tours", "Conference Hall"],
    "category": "resort",
    "division": "Mymensingh",
    "district": "Mymensingh",
    "hotelType": "resort",
    "totalRooms": 48,
    "nearbyAttractions": ["Brahmaputra River", "Agricultural University", "Shashi Lodge", "Garo Hills"],
    "checkInTime": "2:00 PM",
    "checkOutTime": "11:00 AM",
    "isAvailable": true,
    "hasParking": true,
    "hasAirport": false,
    "contactPhone": "+880-91-456123",
    "website": "https://grandmawaresort.com"
  },
  {
    "id": "hotel_bd_017",
    "name": "Hotel Tiger Garden Sundarbans",
    "description": "Unique eco-lodge experience in Sundarbans buffer zone, offering wildlife photography tours and mangrove exploration.",
    "images": [
      "https://images.unsplash.com/photo-1564501049412-61c2a3083791?w=800",
      "https://images.unsplash.com/photo-1520250497591-112f2f40a3f4?w=800"
    ],
    "location": {
      "latitude": 22.1592,
      "longitude": 89.1819,
      "address": "Mongla Port Area, Bagerhat",
      "city": "Mongla",
      "country": "Bangladesh"
    },
    "rating": 4.5,
    "reviewCount": 189,
    "pricePerNight": 5800.00,
    "currency": "BDT",
    "amenities": ["Wildlife Tours", "Photography Guides", "Restaurant", "Boat Safari", "Bird Watching", "Eco Lodge"],
    "category": "resort",
    "division": "Khulna",
    "district": "Bagerhat",
    "hotelType": "resort",
    "totalRooms": 28,
    "nearbyAttractions": ["Sundarbans National Park", "Mongla Port", "Sixty Dome Mosque", "Mangrove Forest"],
    "checkInTime": "1:00 PM",
    "checkOutTime": "10:00 AM",
    "isAvailable": true,
    "hasParking": true,
    "hasAirport": false,
    "contactPhone": "+880-466-78912",
    "website": "https://tigergarden.com"
  },
  {
    "id": "hotel_bd_018",
    "name": "Hotel Royal Palace Comilla",
    "description": "Historic hotel in Comilla offering traditional architecture with modern amenities, close to ancient Buddhist ruins.",
    "images": [
      "https://images.unsplash.com/photo-1578662996442-48f60103fc96?w=800",
      "https://images.unsplash.com/photo-1564501049412-61c2a3083791?w=800"
    ],
    "location": {
      "latitude": 23.4607,
      "longitude": 91.1809,
      "address": "Kandirpar, Comilla",
      "city": "Comilla",
      "country": "Bangladesh"
    },
    "rating": 4.1,
    "reviewCount": 256,
    "pricePerNight": 3400.00,
    "currency": "BDT",
    "amenities": ["Heritage Building", "Restaurant", "Free WiFI", "Meeting Rooms", "Cultural Tours", "Garden"],
    "category": "heritage",
    "division": "Chittagong",
    "district": "Comilla",
    "hotelType": "heritage",
    "totalRooms": 54,
    "nearbyAttractions": ["Mainamati Ruins", "Salban Vihara", "War Cemetery", "Comilla Museum"],
    "checkInTime": "2:00 PM",
    "checkOutTime": "11:00 AM",
    "isAvailable": true,
    "hasParking": true,
    "hasAirport": false,
    "contactPhone": "+880-81-567234",
    "website": "https://royalpalacecomilla.com"
  },
  {
    "id": "hotel_bd_019",
    "name": "Hotel Paradise Jessore",
    "description": "Contemporary hotel in Jessore offering comfortable stay with modern facilities, perfect for exploring western Bangladesh.",
    "images": [
      "https://images.unsplash.com/photo-1596178065887-1198b6148b2b?w=800",
      "https://images.unsplash.com/photo-1566073771259-6a8506099945?w=800"
    ],
    "location": {
      "latitude": 23.1697,
      "longitude": 89.2072,
      "address": "M.K. Road, Jessore",
      "city": "Jessore",
      "country": "Bangladesh"
    },
    "rating": 4.0,
    "reviewCount": 342,
    "pricePerNight": 2900.00,
    "currency": "BDT",
    "amenities": ["Free WiFi", "Restaurant", "Meeting Rooms", "Room Service", "Business Center", "Car Parking"],
    "category": "standard",
    "division": "Khulna",
    "district": "Jessore",
    "hotelType": "business",
    "totalRooms": 68,
    "nearbyAttractions": ["Michael Madhusudan Museum", "Jessore Airport", "Chanchara Mosque", "Benapole Border"],
    "checkInTime": "2:00 PM",
    "checkOutTime": "12:00 PM",
    "isAvailable": true,
    "hasParking": true,
    "hasAirport": true,
    "contactPhone": "+880-421-67891",
    "website": "https://paradisejessore.com"
  },
  {
    "id": "hotel_bd_020",
    "name": "Nilachal Hill Resort Bandarban",
    "description": "Mountain-top resort offering panoramic views of Bandarban hills, tribal cultural experiences, and adventure activities.",
    "images": [
      "https://images.unsplash.com/photo-1520250497591-112f2f40a3f4?w=800",
      "https://images.unsplash.com/photo-1578774925442-55caa5c96fa8?w=800"
    ],
    "location": {
      "latitude": 22.1953,
      "longitude": 92.2207,
      "address": "Nilachal Hill Top, Bandarban",
      "city": "Bandarban",
      "country": "Bangladesh"
    },
    "rating": 4.6,
    "reviewCount": 387,
    "pricePerNight": 4200.00,
    "currency": "BDT",
    "amenities": ["Hill Views", "Adventure Tours", "Restaurant", "Free WiFi", "Tribal Cultural Shows", "Trekking"],
    "category": "resort",
    "division": "Chittagong",
    "district": "Bandarban",
    "hotelType": "resort",
    "totalRooms": 38,
    "nearbyAttractions": ["Nilachal Hill", "Golden Temple", "Boga Lake", "Tribal Villages"],
    "checkInTime": "1:00 PM",
    "checkOutTime": "11:00 AM",
    "isAvailable": true,
    "hasParking": true,
    "hasAirport": false,
    "contactPhone": "+880-361-78234",
    "website": "https://nilachalresort.com"
  },
  {
    "id": "hotel_bd_021",
    "name": "Hotel City Park Barisal",
    "description": "Modern hotel in Barisal city center, offering comfortable accommodation with river views and easy access to local attractions.",
    "images": [
      "https://images.unsplash.com/photo-1551882547-ff40c63fe5fa?w=800",
      "https://images.unsplash.com/photo-1590490360182-c33d57733427?w=800"
    ],
    "location": {
      "latitude": 22.7010,
      "longitude": 90.3535,
      "address": "Band Road, Barisal",
      "city": "Barisal",
      "country": "Bangladesh"
    },
    "rating": 4.2,
    "reviewCount": 298,
    "pricePerNight": 3100.00,
    "currency": "BDT",
    "amenities": ["River Views", "Restaurant", "Free WiFi", "Meeting Rooms", "Room Service", "Boat Trips"],
    "category": "standard",
    "division": "Barisal",
    "district": "Barisal",
    "hotelType": "business",
    "totalRooms": 61,
    "nearbyAttractions": ["Barisal University", "Kirtankhola River", "Durga Sagar", "Oxford Mission Church"],
    "checkInTime": "2:00 PM",
    "checkOutTime": "12:00 PM",
    "isAvailable": true,
    "hasParking": true,
    "hasAirport": true,
    "contactPhone": "+880-431-56789",
    "website": "https://cityparkbarisal.com"
  },
  {
    "id": "hotel_bd_022",
    "name": "Hotel Purbani International Dhaka",
    "description": "Historic 5-star hotel in Dhaka's diplomatic area, offering luxury accommodation with classic elegance and modern amenities.",
    "images": [
      "https://images.unsplash.com/photo-1566073771259-6a8506099945?w=800",
      "https://images.unsplash.com/photo-1582719478250-c89cae4dc85b?w=800"
    ],
    "location": {
      "latitude": 23.7465,
      "longitude": 90.3914,
      "address": "1 Dilkusha Commercial Area, Dhaka",
      "city": "Dhaka",
      "country": "Bangladesh"
    },
    "rating": 4.7,
    "reviewCount": 1134,
    "pricePerNight": 11500.00,
    "currency": "BDT",
    "amenities": ["Swimming Pool", "Spa", "Multiple Restaurants", "Business Center", "Ballroom", "Free WiFi", "Fitness Center"],
    "category": "luxury",
    "division": "Dhaka",
    "district": "Dhaka",
    "hotelType": "luxury",
    "totalRooms": 196,
    "nearbyAttractions": ["National Assembly", "Ramna Park", "Bangladesh Bank", "High Court"],
    "checkInTime": "3:00 PM",
    "checkOutTime": "12:00 PM",
    "isAvailable": true,
    "hasParking": true,
    "hasAirport": true,
    "contactPhone": "+880-2-9563011",
    "website": "https://purbanidhaka.com"
  }
]