[
  {
    "id": "rest_001",
    "name": "Dhaka Regency Hotel & Resort",
    "description": "Luxury dining experience with authentic Bengali cuisine and continental dishes. Famous for traditional Bengali wedding feasts and corporate events.",
    "images": [
      "https://images.unsplash.com/photo-1555396273-367ea4eb4db5?ixlib=rb-4.0.3&ixid=M3wxMjA3fDB8MHxwaG90by1wYWdlfHx8fGVufDB8fHx8fA%3D%3D&auto=format&fit=crop&w=1000&q=80",
      "https://images.unsplash.com/photo-1414235077428-338989a2e8c0?ixlib=rb-4.0.3&auto=format&fit=crop&w=1000&q=80"
    ],
    "location": {
      "address": "Plot 2095, Turag, Tongi",
      "city": "Dhaka",
      "latitude": 23.8103,
      "longitude": 90.4125
    },
    "division": "Dhaka",
    "district": "Gazipur",
    "rating": 4.5,
    "reviewCount": 1250,
    "priceRange": "Fine Dining",
    "cuisineType": "Bengali & Continental",
    "specialties": ["Traditional Bengali", "Mughlai", "Chinese"],
    "popularDishes": ["Hilsa Fish Curry", "Beef Biryani", "Mutton Korma", "Roshogolla"],
    "menuCategories": ["Appetizers", "Bengali Main Course", "Biryanis", "Chinese", "Desserts"],
    "openingHours": "11:00 AM",
    "closingHours": "11:00 PM",
    "contactPhone": "+880-2-8901234",
    "website": "www.dhakaregency.com",
    "isOpen": true,
    "hasDelivery": true,
    "hasReservation": true,
    "isHalal": true,
    "hasParking": true,
    "acceptsCards": true,
    "averageCostForTwo": 2500.0,
    "currency": "৳",
    "amenities": ["Free WiFi", "Air Conditioning", "Outdoor Seating", "Event Hall", "Valet Parking"]
  },
  {
    "id": "rest_002",
    "name": "Star Kabab & Restaurant",
    "description": "Famous for authentic Dhaka-style kebabs and traditional Bengali food. A local favorite for over 30 years serving the best kebabs in Old Dhaka.",
    "images": [
      "https://images.unsplash.com/photo-1529566652340-2c41a1eb6c09?ixlib=rb-4.0.3&auto=format&fit=crop&w=1000&q=80",
      "https://images.unsplash.com/photo-1595295333158-4742f28fbd85?ixlib=rb-4.0.3&auto=format&fit=crop&w=1000&q=80"
    ],
    "location": {
      "address": "152/1 Dhanmondi Road 8",
      "city": "Dhaka",
      "latitude": 23.7465,
      "longitude": 90.3754
    },
    "division": "Dhaka",
    "district": "Dhaka",
    "rating": 4.2,
    "reviewCount": 890,
    "priceRange": "Mid-range",
    "cuisineType": "Bengali & Mughlai",
    "specialties": ["Kebabs", "Biryani", "Traditional Bengali"],
    "popularDishes": ["Seekh Kebab", "Chicken Tikka", "Mutton Biryani", "Fish Curry"],
    "menuCategories": ["Kebabs", "Biryani", "Bengali Curry", "Grilled Items", "Beverages"],
    "openingHours": "12:00 PM",
    "closingHours": "12:00 AM",
    "contactPhone": "+880-2-9611234",
    "website": null,
    "isOpen": true,
    "hasDelivery": true,
    "hasReservation": false,
    "isHalal": true,
    "hasParking": false,
    "acceptsCards": true,
    "averageCostForTwo": 1200.0,
    "currency": "৳",
    "amenities": ["Air Conditioning", "Take Away", "Home Delivery"]
  },
  {
    "id": "rest_003",
    "name": "Koyla Chittagong",
    "description": "Specializes in authentic Chittagonian cuisine with fresh seafood and traditional recipes passed down through generations.",
    "images": [
      "https://images.unsplash.com/photo-1565299624946-b28f40a0ca4b?ixlib=rb-4.0.3&auto=format&fit=crop&w=1000&q=80",
      "https://images.unsplash.com/photo-1551218808-94e220e084d2?ixlib=rb-4.0.3&auto=format&fit=crop&w=1000&q=80"
    ],
    "location": {
      "address": "Agrabad Commercial Area",
      "city": "Chittagong",
      "latitude": 22.3475,
      "longitude": 91.8123
    },
    "division": "Chittagong",
    "district": "Chittagong",
    "rating": 4.7,
    "reviewCount": 675,
    "priceRange": "Mid-range",
    "cuisineType": "Chittagonian Seafood",
    "specialties": ["Seafood", "Chittagonian Traditional", "Fish Curry"],
    "popularDishes": ["Mezban Beef", "Shrimp Malai Curry", "Chittagonian Fish Curry", "Beef Bhuna"],
    "menuCategories": ["Seafood", "Beef Specialties", "Fish Curry", "Rice Items", "Desserts"],
    "openingHours": "11:30 AM",
    "closingHours": "10:30 PM",
    "contactPhone": "+880-31-726456",
    "website": "www.koylarestaurant.com",
    "isOpen": true,
    "hasDelivery": true,
    "hasReservation": true,
    "isHalal": true,
    "hasParking": true,
    "acceptsCards": true,
    "averageCostForTwo": 1800.0,
    "currency": "৳",
    "amenities": ["Free WiFi", "Air Conditioning", "Family Seating", "Private Dining"]
  },
  {
    "id": "rest_004",
    "name": "Hotel Rangpur",
    "description": "Traditional North Bengal cuisine with authentic flavors from Rangpur region. Known for organic vegetables and traditional cooking methods.",
    "images": [
      "https://images.unsplash.com/photo-1517248135467-4c7edcad34c4?ixlib=rb-4.0.3&auto=format&fit=crop&w=1000&q=80",
      "https://images.unsplash.com/photo-1560624052-449f5ddf0c31?ixlib=rb-4.0.3&auto=format&fit=crop&w=1000&q=80"
    ],
    "location": {
      "address": "Station Road, Modern More",
      "city": "Rangpur",
      "latitude": 25.7439,
      "longitude": 89.2752
    },
    "division": "Rangpur",
    "district": "Rangpur",
    "rating": 4.0,
    "reviewCount": 420,
    "priceRange": "Budget",
    "cuisineType": "North Bengali Traditional",
    "specialties": ["Organic Vegetables", "Traditional Recipes", "Local Fish"],
    "popularDishes": ["Pabda Fish Curry", "Organic Vegetable Curry", "Duck Curry", "Sweet Yogurt"],
    "menuCategories": ["Fish Curry", "Vegetable Dishes", "Poultry", "Local Specialties", "Sweets"],
    "openingHours": "10:00 AM",
    "closingHours": "10:00 PM",
    "contactPhone": "+880-521-62345",
    "website": null,
    "isOpen": true,
    "hasDelivery": false,
    "hasReservation": false,
    "isHalal": true,
    "hasParking": true,
    "acceptsCards": false,
    "averageCostForTwo": 800.0,
    "currency": "৳",
    "amenities": ["Local Atmosphere", "Traditional Seating", "Fresh Ingredients"]
  },
  {
    "id": "rest_005",
    "name": "Sylheti Baburchi",
    "description": "Authentic Sylheti cuisine with traditional seven-color tea and unique regional flavors. Famous for its aromatic rice dishes and fresh herbs.",
    "images": [
      "https://images.unsplash.com/photo-1504674900247-0877df9cc836?ixlib=rb-4.0.3&auto=format&fit=crop&w=1000&q=80",
      "https://images.unsplash.com/photo-1574894709920-11b28e7367e3?ixlib=rb-4.0.3&auto=format&fit=crop&w=1000&q=80"
    ],
    "location": {
      "address": "Zindabazar, Bandhan Square",
      "city": "Sylhet",
      "latitude": 24.8949,
      "longitude": 91.8687
    },
    "division": "Sylhet",
    "district": "Sylhet",
    "rating": 4.4,
    "reviewCount": 580,
    "priceRange": "Mid-range",
    "cuisineType": "Sylheti Traditional",
    "specialties": ["Seven Color Tea", "Sylheti Rice", "Fresh Herbs"],
    "popularDishes": ["Sylheti Rice with Duck", "Seven Color Tea", "Shrimp with Herbs", "Beef with Lemon"],
    "menuCategories": ["Rice Specialties", "Tea Varieties", "Herb-based Dishes", "Poultry", "Beverages"],
    "openingHours": "9:00 AM",
    "closingHours": "11:00 PM",
    "contactPhone": "+880-821-71234",
    "website": "www.sylhetibaburchi.com",
    "isOpen": true,
    "hasDelivery": true,
    "hasReservation": true,
    "isHalal": true,
    "hasParking": true,
    "acceptsCards": true,
    "averageCostForTwo": 1500.0,
    "currency": "৳",
    "amenities": ["Free WiFi", "Air Conditioning", "Tea Garden View", "Cultural Decor"]
  },
  {
    "id": "rest_006",
    "name": "Barisal Mach Bhat Ghor",
    "description": "Specializes in traditional Barisal-style fish and rice combinations. Known for using river fish and traditional boat-side cooking methods.",
    "images": [
      "https://images.unsplash.com/photo-1563379091339-03246963d321?ixlib=rb-4.0.3&auto=format&fit=crop&w=1000&q=80",
      "https://images.unsplash.com/photo-1565958011703-44f9829ba187?ixlib=rb-4.0.3&auto=format&fit=crop&w=1000&q=80"
    ],
    "location": {
      "address": "Nothullabad, Band Road",
      "city": "Barisal",
      "latitude": 22.7010,
      "longitude": 90.3535
    },
    "division": "Barisal",
    "district": "Barisal",
    "rating": 4.1,
    "reviewCount": 345,
    "priceRange": "Budget",
    "cuisineType": "Barisal River Fish",
    "specialties": ["River Fish", "Traditional Rice", "Boat-side Cooking"],
    "popularDishes": ["Hilsa with Rice", "Pabda Fish Curry", "River Prawn", "Traditional Rice Cake"],
    "menuCategories": ["River Fish", "Rice Dishes", "Traditional Sweets", "Local Vegetables", "Beverages"],
    "openingHours": "11:00 AM",
    "closingHours": "9:00 PM",
    "contactPhone": "+880-431-64321",
    "website": null,
    "isOpen": true,
    "hasDelivery": false,
    "hasReservation": false,
    "isHalal": true,
    "hasParking": false,
    "acceptsCards": false,
    "averageCostForTwo": 600.0,
    "currency": "৳",
    "amenities": ["River View", "Traditional Cooking", "Local Atmosphere"]
  },
  {
    "id": "rest_007",
    "name": "Khulna Chingri Mahal",
    "description": "Famous for authentic Khulna-style shrimp dishes and Sundarbans honey-based recipes. Uses fresh catch from Sundarbans rivers.",
    "images": [
      "https://images.unsplash.com/photo-1559847844-d72deb2d632d?ixlib=rb-4.0.3&auto=format&fit=crop&w=1000&q=80",
      "https://images.unsplash.com/photo-1588315029754-2dd089d39a1a?ixlib=rb-4.0.3&auto=format&fit=crop&w=1000&q=80"
    ],
    "location": {
      "address": "Rupsha Ghat Road",
      "city": "Khulna",
      "latitude": 22.8456,
      "longitude": 89.5403
    },
    "division": "Khulna",
    "district": "Khulna",
    "rating": 4.3,
    "reviewCount": 490,
    "priceRange": "Mid-range",
    "cuisineType": "Khulna Seafood",
    "specialties": ["Sundarbans Shrimp", "Honey-based Recipes", "Fresh River Catch"],
    "popularDishes": ["Chingri Malai Curry", "Crab with Spices", "Honey Fish", "Rupchanda Fry"],
    "menuCategories": ["Shrimp Specialties", "Crab Dishes", "Fish Fry", "Honey Recipes", "Rice Items"],
    "openingHours": "12:00 PM",
    "closingHours": "10:00 PM",
    "contactPhone": "+880-41-725896",
    "website": "www.chingrimahal.com",
    "isOpen": true,
    "hasDelivery": true,
    "hasReservation": true,
    "isHalal": true,
    "hasParking": true,
    "acceptsCards": true,
    "averageCostForTwo": 1600.0,
    "currency": "৳",
    "amenities": ["Free WiFi", "River View", "Fresh Seafood", "Family Dining"]
  },
  {
    "id": "rest_008",
    "name": "Rajshahi Silk City Restaurant",
    "description": "Elegant dining with focus on Rajshahi mangoes and silk route-inspired dishes. Combines traditional Bengali with international flavors.",
    "images": [
      "https://images.unsplash.com/photo-1424847651672-bf20a4b0982b?ixlib=rb-4.0.3&auto=format&fit=crop&w=1000&q=80",
      "https://images.unsplash.com/photo-1578662996442-48f60103fc96?ixlib=rb-4.0.3&auto=format&fit=crop&w=1000&q=80"
    ],
    "location": {
      "address": "Shaheb Bazar Zero Point",
      "city": "Rajshahi",
      "latitude": 24.3745,
      "longitude": 88.6042
    },
    "division": "Rajshahi",
    "district": "Rajshahi",
    "rating": 4.6,
    "reviewCount": 720,
    "priceRange": "Fine Dining",
    "cuisineType": "Bengali & International",
    "specialties": ["Mango Dishes", "Silk Route Fusion", "International Cuisine"],
    "popularDishes": ["Mango Chicken", "Silk Route Beef", "International Pasta", "Traditional Sweets"],
    "menuCategories": ["Mango Specialties", "International", "Bengali Traditional", "Desserts", "Beverages"],
    "openingHours": "11:00 AM",
    "closingHours": "11:30 PM",
    "contactPhone": "+880-721-774567",
    "website": "www.silkcityrestaurant.com",
    "isOpen": true,
    "hasDelivery": true,
    "hasReservation": true,
    "isHalal": true,
    "hasParking": true,
    "acceptsCards": true,
    "averageCostForTwo": 2200.0,
    "currency": "৳",
    "amenities": ["Free WiFi", "Air Conditioning", "Fine Dining", "International Menu", "Mango Garden View"]
  },
  {
    "id": "rest_009",
    "name": "Pan Pacific Restaurant Dhaka",
    "description": "International fine dining restaurant located in one of Dhaka's premium hotels. Offers world-class cuisine with Bangladesh fusion options.",
    "images": [
      "https://images.unsplash.com/photo-1551632436-cbf8dd35adfa?ixlib=rb-4.0.3&auto=format&fit=crop&w=1000&q=80",
      "https://images.unsplash.com/photo-1564759224907-65ad0e90b5b4?ixlib=rb-4.0.3&auto=format&fit=crop&w=1000&q=80"
    ],
    "location": {
      "address": "Road 107, Gulshan 2",
      "city": "Dhaka",
      "latitude": 23.7925,
      "longitude": 90.4193
    },
    "division": "Dhaka",
    "district": "Dhaka",
    "rating": 4.8,
    "reviewCount": 1890,
    "priceRange": "Fine Dining",
    "cuisineType": "International & Fusion",
    "specialties": ["International Cuisine", "Bengal Fusion", "Premium Ingredients"],
    "popularDishes": ["Australian Beef Steak", "Bengal Tiger Prawns", "International Buffet", "Fusion Biryani"],
    "menuCategories": ["International", "Fusion", "Bengali Modern", "Continental", "Asian"],
    "openingHours": "6:00 AM",
    "closingHours": "12:00 AM",
    "contactPhone": "+880-2-8835678",
    "website": "www.panpacific.com/dhaka",
    "isOpen": true,
    "hasDelivery": true,
    "hasReservation": true,
    "isHalal": true,
    "hasParking": true,
    "acceptsCards": true,
    "averageCostForTwo": 4500.0,
    "currency": "৳",
    "amenities": ["Free WiFi", "Luxury Dining", "International Standards", "Hotel Services", "Valet Parking"]
  },
  {
    "id": "rest_010",
    "name": "Mezban Chittagong Heritage",
    "description": "Traditional Chittagonian Mezban-style restaurant known for community-style dining and authentic beef preparations from Chittagong Hill Tracts.",
    "images": [
      "https://images.unsplash.com/photo-1546833999-b9f581a1996d?ixlib=rb-4.0.3&auto=format&fit=crop&w=1000&q=80",
      "https://images.unsplash.com/photo-1530554764233-e79e16c91d08?ixlib=rb-4.0.3&auto=format&fit=crop&w=1000&q=80"
    ],
    "location": {
      "address": "Panchlaish, CDA Avenue",
      "city": "Chittagong",
      "latitude": 22.3569,
      "longitude": 91.7832
    },
    "division": "Chittagong",
    "district": "Chittagong",
    "rating": 4.5,
    "reviewCount": 950,
    "priceRange": "Mid-range",
    "cuisineType": "Chittagonian Traditional",
    "specialties": ["Mezban Beef", "Community Dining", "Hill Tracts Cuisine"],
    "popularDishes": ["Traditional Mezban", "Beef Bhuna", "Hill Chicken", "Bamboo Shoots Curry"],
    "menuCategories": ["Mezban Specials", "Beef Dishes", "Hill Cuisine", "Traditional Curries", "Local Vegetables"],
    "openingHours": "11:00 AM",
    "closingHours": "10:00 PM",
    "contactPhone": "+880-31-652341",
    "website": null,
    "isOpen": true,
    "hasDelivery": true,
    "hasReservation": true,
    "isHalal": true,
    "hasParking": true,
    "acceptsCards": true,
    "averageCostForTwo": 1400.0,
    "currency": "৳",
    "amenities": ["Traditional Seating", "Community Dining", "Cultural Experience", "Live Cooking"]
  },
  {
    "id": "rest_011",
    "name": "Barishal Ilish Ghor",
    "description": "Specialized restaurant focusing exclusively on Hilsa fish preparations from Barisal rivers. Multiple cooking styles and traditional recipes.",
    "images": [
      "https://images.unsplash.com/photo-1544925164-ca4b4aaaa6e4?ixlib=rb-4.0.3&auto=format&fit=crop&w=1000&q=80",
      "https://images.unsplash.com/photo-1571019613454-1cb2f99b2d8b?ixlib=rb-4.0.3&auto=format&fit=crop&w=1000&q=80"
    ],
    "location": {
      "address": "Sadar Road, Launch Ghat Area",
      "city": "Barisal",
      "latitude": 22.7056,
      "longitude": 90.3610
    },
    "division": "Barisal",
    "district": "Barisal",
    "rating": 4.7,
    "reviewCount": 680,
    "priceRange": "Mid-range",
    "cuisineType": "Hilsa Fish Specialties",
    "specialties": ["Fresh Hilsa", "Multiple Cooking Styles", "River Fish"],
    "popularDishes": ["Ilish Bhapa", "Ilish Curry", "Smoked Hilsa", "Ilish Biryani"],
    "menuCategories": ["Hilsa Preparations", "Other River Fish", "Rice Items", "Traditional Sides", "Fish Pickles"],
    "openingHours": "10:30 AM",
    "closingHours": "9:30 PM",
    "contactPhone": "+880-431-63478",
    "website": "www.ilishghor.com",
    "isOpen": true,
    "hasDelivery": true,
    "hasReservation": false,
    "isHalal": true,
    "hasParking": false,
    "acceptsCards": true,
    "averageCostForTwo": 1300.0,
    "currency": "৳",
    "amenities": ["Fresh Fish Market", "Traditional Cooking", "River View", "Fish Expertise"]
  },
  {
    "id": "rest_012",
    "name": "Mymensingh Doi Bhat Restaurant",
    "description": "Traditional Mymensingh-style restaurant famous for its doi bhat (yogurt rice) and handmade sweets. Family-owned for three generations.",
    "images": [
      "https://images.unsplash.com/photo-1572441713132-51c75654db73?ixlib=rb-4.0.3&auto=format&fit=crop&w=1000&q=80",
      "https://images.unsplash.com/photo-1565299507177-b0ac66763828?ixlib=rb-4.0.3&auto=format&fit=crop&w=1000&q=80"
    ],
    "location": {
      "address": "Charpara, Station Road",
      "city": "Mymensingh",
      "latitude": 24.7471,
      "longitude": 90.4203
    },
    "division": "Mymensingh",
    "district": "Mymensingh",
    "rating": 4.2,
    "reviewCount": 380,
    "priceRange": "Budget",
    "cuisineType": "Mymensingh Traditional",
    "specialties": ["Doi Bhat", "Handmade Sweets", "Family Recipes"],
    "popularDishes": ["Doi Bhat", "Handmade Sandesh", "Fish with Yogurt", "Traditional Rice Pudding"],
    "menuCategories": ["Yogurt-based Dishes", "Handmade Sweets", "Fish Curry", "Rice Items", "Traditional Drinks"],
    "openingHours": "8:00 AM",
    "closingHours": "9:00 PM",
    "contactPhone": "+880-91-61234",
    "website": null,
    "isOpen": true,
    "hasDelivery": false,
    "hasReservation": false,
    "isHalal": true,
    "hasParking": true,
    "acceptsCards": false,
    "averageCostForTwo": 700.0,
    "currency": "৳",
    "amenities": ["Traditional Recipes", "Family Business", "Handmade Items", "Local Atmosphere"]
  },
  {
    "id": "rest_013",
    "name": "Bhola Island Seafood Paradise",
    "description": "Island restaurant specializing in fresh Bay of Bengal seafood with unique island spices and coconut-based preparations.",
    "images": [
      "https://images.unsplash.com/photo-1559827260-dc66d52bef19?ixlib=rb-4.0.3&auto=format&fit=crop&w=1000&q=80",
      "https://images.unsplash.com/photo-1571896349842-33c89424de2d?ixlib=rb-4.0.3&auto=format&fit=crop&w=1000&q=80"
    ],
    "location": {
      "address": "Char Fashion, Island Center",
      "city": "Bhola",
      "latitude": 22.6859,
      "longitude": 90.6481
    },
    "division": "Barisal",
    "district": "Bhola",
    "rating": 4.4,
    "reviewCount": 290,
    "priceRange": "Mid-range",
    "cuisineType": "Island Seafood",
    "specialties": ["Bay of Bengal Seafood", "Island Spices", "Coconut Preparations"],
    "popularDishes": ["Island Crab Curry", "Coconut Fish", "Sea Bass with Spices", "Island Shrimp"],
    "menuCategories": ["Fresh Seafood", "Coconut Dishes", "Island Specialties", "Grilled Items", "Traditional Sides"],
    "openingHours": "11:00 AM",
    "closingHours": "9:00 PM",
    "contactPhone": "+880-491-56789",
    "website": null,
    "isOpen": true,
    "hasDelivery": false,
    "hasReservation": false,
    "isHalal": true,
    "hasParking": false,
    "acceptsCards": false,
    "averageCostForTwo": 1100.0,
    "currency": "৳",
    "amenities": ["Ocean View", "Fresh Catch", "Island Experience", "Beach Dining"]
  },
  {
    "id": "rest_014",
    "name": "Comilla Traditional Kitchen",
    "description": "Heritage restaurant preserving Comilla's culinary traditions with ancient recipes and traditional cooking methods from the Mainamati era.",
    "images": [
      "https://images.unsplash.com/photo-1414235077428-338989a2e8c0?ixlib=rb-4.0.3&auto=format&fit=crop&w=1000&q=80",
      "https://images.unsplash.com/photo-1552566599-ddc0b0c55dbc?ixlib=rb-4.0.3&auto=format&fit=crop&w=1000&q=80"
    ],
    "location": {
      "address": "Kandirpar, Comilla Cantonment Road",
      "city": "Comilla",
      "latitude": 23.4607,
      "longitude": 91.1809
    },
    "division": "Chittagong",
    "district": "Comilla",
    "rating": 4.1,
    "reviewCount": 520,
    "priceRange": "Budget",
    "cuisineType": "Comilla Heritage",
    "specialties": ["Ancient Recipes", "Traditional Cooking", "Heritage Cuisine"],
    "popularDishes": ["Heritage Rice Dish", "Ancient Fish Curry", "Traditional Vegetable Mix", "Clay Pot Cooking"],
    "menuCategories": ["Heritage Dishes", "Clay Pot Cooking", "Ancient Recipes", "Traditional Sweets", "Local Vegetables"],
    "openingHours": "10:00 AM",
    "closingHours": "8:30 PM",
    "contactPhone": "+880-81-76543",
    "website": null,
    "isOpen": true,
    "hasDelivery": false,
    "hasReservation": false,
    "isHalal": true,
    "hasParking": true,
    "acceptsCards": false,
    "averageCostForTwo": 650.0,
    "currency": "৳",
    "amenities": ["Heritage Cooking", "Clay Pot Preparation", "Cultural Experience", "Historical Ambiance"]
  },
  {
    "id": "rest_015",
    "name": "Kushtia Lalon Restaurant",
    "description": "Cultural restaurant inspired by Lalon Fakir's philosophy, serving traditional Kushtia cuisine with live Baul music and cultural performances.",
    "images": [
      "https://images.unsplash.com/photo-1517248135467-4c7edcad34c4?ixlib=rb-4.0.3&auto=format&fit=crop&w=1000&q=80",
      "https://images.unsplash.com/photo-1552566599-ddc0b0c55dbc?ixlib=rb-4.0.3&auto=format&fit=crop&w=1000&q=80"
    ],
    "location": {
      "address": "NS Road, Near Lalon Shah Bridge",
      "city": "Kushtia",
      "latitude": 23.9045,
      "longitude": 89.1200
    },
    "division": "Khulna",
    "district": "Kushtia",
    "rating": 4.3,
    "reviewCount": 450,
    "priceRange": "Mid-range",
    "cuisineType": "Kushtia Cultural",
    "specialties": ["Cultural Atmosphere", "Baul Music", "Traditional Recipes"],
    "popularDishes": ["Cultural Rice Platter", "Folk Song Chicken", "Traditional Fish Curry", "Baul Tea"],
    "menuCategories": ["Cultural Dishes", "Traditional Recipes", "Folk Specialties", "Cultural Beverages", "Local Sweets"],
    "openingHours": "4:00 PM",
    "closingHours": "11:00 PM",
    "contactPhone": "+880-71-62345",
    "website": "www.lalonrestaurant.com",
    "isOpen": true,
    "hasDelivery": false,
    "hasReservation": true,
    "isHalal": true,
    "hasParking": true,
    "acceptsCards": true,
    "averageCostForTwo": 1200.0,
    "currency": "৳",
    "amenities": ["Live Baul Music", "Cultural Performances", "Traditional Decor", "Evening Entertainment"]
  },
  {
    "id": "rest_016",
    "name": "Paharpur Buddhist Cuisine",
    "description": "Unique vegetarian restaurant near Paharpur Buddhist Vihara, serving ancient Buddhist monastery-inspired vegetarian dishes and herbal teas.",
    "images": [
      "https://images.unsplash.com/photo-1556909114-4e3c9b3b4a95?ixlib=rb-4.0.3&auto=format&fit=crop&w=1000&q=80",
      "https://images.unsplash.com/photo-1596040033229-a9821ebd058d?ixlib=rb-4.0.3&auto=format&fit=crop&w=1000&q=80"
    ],
    "location": {
      "address": "Paharpur Archaeological Site",
      "city": "Naogaon",
      "latitude": 25.0318,
      "longitude": 88.9764
    },
    "division": "Rajshahi",
    "district": "Naogaon",
    "rating": 4.0,
    "reviewCount": 180,
    "priceRange": "Budget",
    "cuisineType": "Buddhist Vegetarian",
    "specialties": ["Monastery Recipes", "Herbal Teas", "Pure Vegetarian"],
    "popularDishes": ["Monastery Rice Bowl", "Herbal Vegetable Curry", "Buddhist Tea", "Meditation Soup"],
    "menuCategories": ["Monastery Dishes", "Herbal Preparations", "Vegetarian Curries", "Herbal Teas", "Natural Sweets"],
    "openingHours": "7:00 AM",
    "closingHours": "7:00 PM",
    "contactPhone": "+880-741-56789",
    "website": null,
    "isOpen": true,
    "hasDelivery": false,
    "hasReservation": false,
    "isHalal": false,
    "hasParking": true,
    "acceptsCards": false,
    "averageCostForTwo": 500.0,
    "currency": "৳",
    "amenities": ["Peaceful Environment", "Archaeological Site View", "Meditation Space", "Herbal Garden"]
  },
  {
    "id": "rest_017",
    "name": "Cox's Bazar Beach BBQ",
    "description": "Beachfront restaurant offering fresh seafood BBQ with panoramic Bay of Bengal views. Famous for sunset dining and beach atmosphere.",
    "images": [
      "https://images.unsplash.com/photo-1559329007-40df8b9345d8?ixlib=rb-4.0.3&auto=format&fit=crop&w=1000&q=80",
      "https://images.unsplash.com/photo-1571019613454-1cb2f99b2d8b?ixlib=rb-4.0.3&auto=format&fit=crop&w=1000&q=80"
    ],
    "location": {
      "address": "Beach Road, Sugandha Point",
      "city": "Cox's Bazar",
      "latitude": 21.4272,
      "longitude": 92.0058
    },
    "division": "Chittagong",
    "district": "Cox's Bazar",
    "rating": 4.6,
    "reviewCount": 1100,
    "priceRange": "Mid-range",
    "cuisineType": "Beach BBQ & Seafood",
    "specialties": ["Fresh Seafood BBQ", "Beach Dining", "Sunset Views"],
    "popularDishes": ["Grilled Lobster", "BBQ Fish Platter", "Beach Prawns", "Sunset Cocktails"],
    "menuCategories": ["BBQ Seafood", "Grilled Items", "Beach Snacks", "Tropical Drinks", "Fresh Salads"],
    "openingHours": "11:00 AM",
    "closingHours": "11:00 PM",
    "contactPhone": "+880-341-64321",
    "website": "www.beachbbqcoxsbazar.com",
    "isOpen": true,
    "hasDelivery": false,
    "hasReservation": true,
    "isHalal": true,
    "hasParking": true,
    "acceptsCards": true,
    "averageCostForTwo": 2000.0,
    "currency": "৳",
    "amenities": ["Beach View", "Outdoor Seating", "Live BBQ", "Sunset Dining", "Beach Access"]
  },
  {
    "id": "rest_018",
    "name": "Sundarbans Mangrove Kitchen",
    "description": "Eco-friendly restaurant near Sundarbans offering dishes made with mangrove honey and sustainable fishing practices. Supports local communities.",
    "images": [
      "https://images.unsplash.com/photo-1571896349842-33c89424de2d?ixlib=rb-4.0.3&auto=format&fit=crop&w=1000&q=80",
      "https://images.unsplash.com/photo-1544925164-ca4b4aaaa6e4?ixlib=rb-4.0.3&auto=format&fit=crop&w=1000&q=80"
    ],
    "location": {
      "address": "Mongla Port Road",
      "city": "Mongla",
      "latitude": 22.4991,
      "longitude": 89.5975
    },
    "division": "Khulna",
    "district": "Bagerhat",
    "rating": 4.2,
    "reviewCount": 330,
    "priceRange": "Mid-range",
    "cuisineType": "Eco-Sustainable Seafood",
    "specialties": ["Mangrove Honey", "Sustainable Fishing", "Eco-friendly"],
    "popularDishes": ["Honey Glazed Fish", "Mangrove Crab", "Sustainable Shrimp", "Eco Curry"],
    "menuCategories": ["Sustainable Seafood", "Honey-based Dishes", "Eco Specialties", "Local Vegetables", "Natural Drinks"],
    "openingHours": "10:00 AM",
    "closingHours": "9:00 PM",
    "contactPhone": "+880-466-23456",
    "website": "www.sundarbanskitchen.org",
    "isOpen": true,
    "hasDelivery": false,
    "hasReservation": true,
    "isHalal": true,
    "hasParking": true,
    "acceptsCards": true,
    "averageCostForTwo": 1400.0,
    "currency": "৳",
    "amenities": ["Eco-friendly", "Community Support", "Mangrove View", "Educational Tours", "Sustainable Practices"]
  },
  {
    "id": "rest_019",
    "name": "Dinajpur Royal Kitchen",
    "description": "Restaurant inspired by the royal heritage of Dinajpur, serving dishes from the era of Kantajew Temple with traditional royal recipes.",
    "images": [
      "https://images.unsplash.com/photo-1578662996442-48f60103fc96?ixlib=rb-4.0.3&auto=format&fit=crop&w=1000&q=80",
      "https://images.unsplash.com/photo-1424847651672-bf20a4b0982b?ixlib=rb-4.0.3&auto=format&fit=crop&w=1000&q=80"
    ],
    "location": {
      "address": "Ghoraghat Road, Near Kantajew Temple",
      "city": "Dinajpur",
      "latitude": 25.6217,
      "longitude": 88.6354
    },
    "division": "Rangpur",
    "district": "Dinajpur",
    "rating": 4.4,
    "reviewCount": 400,
    "priceRange": "Fine Dining",
    "cuisineType": "Royal Heritage",
    "specialties": ["Royal Recipes", "Temple-era Dishes", "Heritage Cuisine"],
    "popularDishes": ["Royal Biryani", "Temple Curry", "Heritage Sweets", "Royal Tea"],
    "menuCategories": ["Royal Dishes", "Temple Cuisine", "Heritage Sweets", "Traditional Beverages", "Cultural Specialties"],
    "openingHours": "11:00 AM",
    "closingHours": "10:00 PM",
    "contactPhone": "+880-531-65432",
    "website": "www.dinajpurroyal.com",
    "isOpen": true,
    "hasDelivery": true,
    "hasReservation": true,
    "isHalal": true,
    "hasParking": true,
    "acceptsCards": true,
    "averageCostForTwo": 2000.0,
    "currency": "৳",
    "amenities": ["Royal Decor", "Heritage Atmosphere", "Temple View", "Cultural Experience", "Traditional Service"]
  },
  {
    "id": "rest_020",
    "name": "Gazipur Village Restaurant",
    "description": "Authentic village-style restaurant offering organic farming-to-table experience with traditional clay pot cooking and rural atmosphere.",
    "images": [
      "https://images.unsplash.com/photo-1564759224907-65ad0e90b5b4?ixlib=rb-4.0.3&auto=format&fit=crop&w=1000&q=80",
      "https://images.unsplash.com/photo-1552566599-ddc0b0c55dbc?ixlib=rb-4.0.3&auto=format&fit=crop&w=1000&q=80"
    ],
    "location": {
      "address": "Joydebpur, Chandra Road",
      "city": "Gazipur",
      "latitude": 23.9999,
      "longitude": 90.4203
    },
    "division": "Dhaka",
    "district": "Gazipur",
    "rating": 4.1,
    "reviewCount": 460,
    "priceRange": "Budget",
    "cuisineType": "Village Traditional",
    "specialties": ["Organic Farming", "Clay Pot Cooking", "Village Atmosphere"],
    "popularDishes": ["Village Chicken", "Organic Vegetable Curry", "Clay Pot Rice", "Fresh Farm Fish"],
    "menuCategories": ["Farm Fresh", "Clay Pot Specials", "Organic Vegetables", "Village Poultry", "Traditional Drinks"],
    "openingHours": "9:00 AM",
    "closingHours": "9:00 PM",
    "contactPhone": "+880-2-9252345",
    "website": null,
    "isOpen": true,
    "hasDelivery": false,
    "hasReservation": false,
    "isHalal": true,
    "hasParking": true,
    "acceptsCards": false,
    "averageCostForTwo": 750.0,
    "currency": "৳",
    "amenities": ["Village Atmosphere", "Farm Experience", "Organic Ingredients", "Traditional Cooking", "Rural Setting"]
  }
]