[
  {
    "id": "attraction_1",
    "name": "Metropolitan Museum of Art",
    "description": "World-renowned art museum featuring collections spanning 5,000 years of history. Home to masterpieces from every part of the globe and every period of human creativity.",
    "images": [
      "https://images.unsplash.com/photo-1594736797933-d0c6e6ef0e08?w=800",
      "https://images.unsplash.com/photo-1544735716-392fe2489ffa?w=800"
    ],
    "location": {
      "latitude": 40.7794,
      "longitude": -73.9632,
      "address": "1000 5th Avenue",
      "city": "New York",
      "country": "USA"
    },
    "rating": 4.7,
    "reviewCount": 25890,
    "entryFee": 30.00,
    "currency": "USD",
    "category": "museum",
    "openingHours": "10:00 AM - 5:00 PM",
    "estimatedDuration": 180,
    "activities": ["Art viewing", "Guided tours", "Educational programs", "Photography"],
    "isAccessible": true,
    "isFree": false,
    "contactPhone": "+1-212-535-7710",
    "website": "https://www.metmuseum.org",
    "bestTimeToVisit": ["morning", "fall", "spring"]
  },
  {
    "id": "attraction_2",
    "name": "Central Park",
    "description": "Iconic urban park offering 843 acres of green space in Manhattan. Perfect for walking, picnicking, boating, and enjoying nature in the heart of the city.",
    "images": [
      "https://images.unsplash.com/photo-1571324100955-d84fd2c01da2?w=800",
      "https://images.unsplash.com/photo-1574264969114-0a3fb4aeb026?w=800"
    ],
    "location": {
      "latitude": 40.7829,
      "longitude": -73.9654,
      "address": "Central Park West & 79th Street",
      "city": "New York",
      "country": "USA"
    },
    "rating": 4.6,
    "reviewCount": 45670,
    "entryFee": 0.00,
    "currency": "USD",
    "category": "park",
    "openingHours": "6:00 AM - 1:00 AM",
    "estimatedDuration": 120,
    "activities": ["Walking", "Jogging", "Boating", "Picnicking", "Photography", "Bird watching"],
    "isAccessible": true,
    "isFree": true,
    "bestTimeToVisit": ["morning", "evening", "spring", "fall"]
  },
  {
    "id": "attraction_3",
    "name": "Statue of Liberty",
    "description": "Symbol of freedom and democracy, this iconic statue stands on Liberty Island. Includes ferry ride and access to the museum and pedestal.",
    "images": [
      "https://images.unsplash.com/photo-1605552055419-b2b18cd6545b?w=800",
      "https://images.unsplash.com/photo-1499092346589-b9b6be3e94b2?w=800"
    ],
    "location": {
      "latitude": 40.6892,
      "longitude": -74.0445,
      "address": "Liberty Island",
      "city": "New York",
      "country": "USA"
    },
    "rating": 4.5,
    "reviewCount": 12890,
    "entryFee": 25.00,
    "currency": "USD",
    "category": "monument",
    "openingHours": "9:30 AM - 5:00 PM",
    "estimatedDuration": 240,
    "activities": ["Sightseeing", "Museum visit", "Photography", "Ferry ride"],
    "isAccessible": true,
    "isFree": false,
    "contactPhone": "+1-212-363-3200",
    "website": "https://www.nps.gov/stli",
    "bestTimeToVisit": ["morning", "spring", "summer", "fall"]
  },
  {
    "id": "attraction_4",
    "name": "Broadway Theater District",
    "description": "World-famous theater district featuring the best live performances, musicals, and plays. Experience the magic of Broadway in historic theaters.",
    "images": [
      "https://images.unsplash.com/photo-1507003211169-0a1dd7228f2d?w=800",
      "https://images.unsplash.com/photo-1518709268805-4e9042af2176?w=800"
    ],
    "location": {
      "latitude": 40.7590,
      "longitude": -73.9845,
      "address": "Times Square Area",
      "city": "New York",
      "country": "USA"
    },
    "rating": 4.8,
    "reviewCount": 8945,
    "entryFee": 150.00,
    "currency": "USD",
    "category": "entertainment",
    "openingHours": "Varies by show",
    "estimatedDuration": 180,
    "activities": ["Theater shows", "Musical performances", "Photography", "Dining"],
    "isAccessible": true,
    "isFree": false,
    "website": "https://www.broadway.org",
    "bestTimeToVisit": ["evening", "winter", "spring", "fall"]
  },
  {
    "id": "attraction_5",
    "name": "High Line Park",
    "description": "Elevated linear park built on former railway tracks. Offers unique views of the city, art installations, and beautiful gardens.",
    "images": [
      "https://images.unsplash.com/photo-1572204376734-2c3f866d6350?w=800"
    ],
    "location": {
      "latitude": 40.7480,
      "longitude": -74.0048,
      "address": "Gansevoort Street to 34th Street",
      "city": "New York",
      "country": "USA"
    },
    "rating": 4.4,
    "reviewCount": 15670,
    "entryFee": 0.00,
    "currency": "USD",
    "category": "park",
    "openingHours": "7:00 AM - 7:00 PM",
    "estimatedDuration": 90,
    "activities": ["Walking", "Photography", "Art viewing", "City views"],
    "isAccessible": true,
    "isFree": true,
    "website": "https://www.thehighline.org",
    "bestTimeToVisit": ["morning", "afternoon", "spring", "summer", "fall"]
  }
]